speaker_id,utterance_id,wav_path
1043,1043_AH01OENC,I_MSV_DEV_ENR/Enr_data/1043_AH01OENC
1066,1066_AH01OENC,I_MSV_DEV_ENR/Enr_data/1066_AH01OENC
1067,1067_AH01OENC,I_MSV_DEV_ENR/Enr_data/1067_AH01OENC
1068,1068_AH01OENC,I_MSV_DEV_ENR/Enr_data/1068_AH01OENC
1069,1069_AH01OENC,I_MSV_DEV_ENR/Enr_data/1069_AH01OENC
1070,1070_AH01OENC,I_MSV_DEV_ENR/Enr_data/1070_AH01OENC
1071,1071_AH01OENC,I_MSV_DEV_ENR/Enr_data/1071_AH01OENC
1072,1072_AH01OENC,I_MSV_DEV_ENR/Enr_data/1072_AH01OENC
1073,1073_AH01OENC,I_MSV_DEV_ENR/Enr_data/1073_AH01OENC
1074,1074_AH01OENC,I_MSV_DEV_ENR/Enr_data/1074_AH01OENC
1075,1075_AH01OENC,I_MSV_DEV_ENR/Enr_data/1075_AH01OENC
1076,1076_AH01OENC,I_MSV_DEV_ENR/Enr_data/1076_AH01OENC
1077,1077_AH01OENC,I_MSV_DEV_ENR/Enr_data/1077_AH01OENC
1078,1078_AH01OENC,I_MSV_DEV_ENR/Enr_data/1078_AH01OENC
1079,1079_AH01OENC,I_MSV_DEV_ENR/Enr_data/1079_AH01OENC
1080,1080_AH01OENC,I_MSV_DEV_ENR/Enr_data/1080_AH01OENC
1081,1081_AH01OENC,I_MSV_DEV_ENR/Enr_data/1081_AH01OENC
1082,1082_AH01OENC,I_MSV_DEV_ENR/Enr_data/1082_AH01OENC
1084,1084_AH01OENC,I_MSV_DEV_ENR/Enr_data/1084_AH01OENC
1085,1085_AH01OENC,I_MSV_DEV_ENR/Enr_data/1085_AH01OENC
1086,1086_AH01OENC,I_MSV_DEV_ENR/Enr_data/1086_AH01OENC
1087,1087_AH01OENC,I_MSV_DEV_ENR/Enr_data/1087_AH01OENC
1088,1088_AH01OENC,I_MSV_DEV_ENR/Enr_data/1088_AH01OENC
1089,1089_AH01OENC,I_MSV_DEV_ENR/Enr_data/1089_AH01OENC
1090,1090_AH01OENC,I_MSV_DEV_ENR/Enr_data/1090_AH01OENC
1091,1091_AH01OENC,I_MSV_DEV_ENR/Enr_data/1091_AH01OENC
1092,1092_AH01OENC,I_MSV_DEV_ENR/Enr_data/1092_AH01OENC
1093,1093_AH01OENC,I_MSV_DEV_ENR/Enr_data/1093_AH01OENC
1094,1094_AH01OENC,I_MSV_DEV_ENR/Enr_data/1094_AH01OENC
1095,1095_AH01OENC,I_MSV_DEV_ENR/Enr_data/1095_AH01OENC
1096,1096_AH01OENC,I_MSV_DEV_ENR/Enr_data/1096_AH01OENC
1098,1098_AH01OENC,I_MSV_DEV_ENR/Enr_data/1098_AH01OENC
1099,1099_AH01OENC,I_MSV_DEV_ENR/Enr_data/1099_AH01OENC
1101,1101_AH01OENC,I_MSV_DEV_ENR/Enr_data/1101_AH01OENC
1104,1104_AH01OENC,I_MSV_DEV_ENR/Enr_data/1104_AH01OENC
1105,1105_AH01OENC,I_MSV_DEV_ENR/Enr_data/1105_AH01OENC
1106,1106_AH01OENC,I_MSV_DEV_ENR/Enr_data/1106_AH01OENC
1107,1107_AH01OENC,I_MSV_DEV_ENR/Enr_data/1107_AH01OENC
1108,1108_AH01OENC,I_MSV_DEV_ENR/Enr_data/1108_AH01OENC
1109,1109_AH01OENC,I_MSV_DEV_ENR/Enr_data/1109_AH01OENC
2046,2046_AH01OENC,I_MSV_DEV_ENR/Enr_data/2046_AH01OENC
2047,2047_AH01OENC,I_MSV_DEV_ENR/Enr_data/2047_AH01OENC
2048,2048_AH01OENC,I_MSV_DEV_ENR/Enr_data/2048_AH01OENC
2050,2050_AH01OENC,I_MSV_DEV_ENR/Enr_data/2050_AH01OENC
2056,2056_AH01OENC,I_MSV_DEV_ENR/Enr_data/2056_AH01OENC
2083,2083_AH01OENC,I_MSV_DEV_ENR/Enr_data/2083_AH01OENC
2097,2097_AH01OENC,I_MSV_DEV_ENR/Enr_data/2097_AH01OENC
2100,2100_AH01OENC,I_MSV_DEV_ENR/Enr_data/2100_AH01OENC
2102,2102_AH01OENC,I_MSV_DEV_ENR/Enr_data/2102_AH01OENC
2103,2103_AH01OENC,I_MSV_DEV_ENR/Enr_data/2103_AH01OENC
1043,1043_BH01OENC,I_MSV_DEV_ENR/Enr_data/1043_BH01OENC
1066,1066_BH01OENC,I_MSV_DEV_ENR/Enr_data/1066_BH01OENC
1067,1067_BH01OENC,I_MSV_DEV_ENR/Enr_data/1067_BH01OENC
1068,1068_BH01OENC,I_MSV_DEV_ENR/Enr_data/1068_BH01OENC
1069,1069_BH01OENC,I_MSV_DEV_ENR/Enr_data/1069_BH01OENC
1070,1070_BH01OENC,I_MSV_DEV_ENR/Enr_data/1070_BH01OENC
1071,1071_BH01OENC,I_MSV_DEV_ENR/Enr_data/1071_BH01OENC
1072,1072_BH01OENC,I_MSV_DEV_ENR/Enr_data/1072_BH01OENC
1073,1073_BH01OENC,I_MSV_DEV_ENR/Enr_data/1073_BH01OENC
1074,1074_BH01OENC,I_MSV_DEV_ENR/Enr_data/1074_BH01OENC
1075,1075_BH01OENC,I_MSV_DEV_ENR/Enr_data/1075_BH01OENC
1076,1076_BH01OENC,I_MSV_DEV_ENR/Enr_data/1076_BH01OENC
1077,1077_BH01OENC,I_MSV_DEV_ENR/Enr_data/1077_BH01OENC
1078,1078_BH01OENC,I_MSV_DEV_ENR/Enr_data/1078_BH01OENC
1079,1079_BH01OENC,I_MSV_DEV_ENR/Enr_data/1079_BH01OENC
1080,1080_BH01OENC,I_MSV_DEV_ENR/Enr_data/1080_BH01OENC
1081,1081_BH01OENC,I_MSV_DEV_ENR/Enr_data/1081_BH01OENC
1082,1082_BH01OENC,I_MSV_DEV_ENR/Enr_data/1082_BH01OENC
1084,1084_BH01OENC,I_MSV_DEV_ENR/Enr_data/1084_BH01OENC
1085,1085_BH01OENC,I_MSV_DEV_ENR/Enr_data/1085_BH01OENC
1086,1086_BH01OENC,I_MSV_DEV_ENR/Enr_data/1086_BH01OENC
1087,1087_BH01OENC,I_MSV_DEV_ENR/Enr_data/1087_BH01OENC
1088,1088_BH01OENC,I_MSV_DEV_ENR/Enr_data/1088_BH01OENC
1089,1089_BH01OENC,I_MSV_DEV_ENR/Enr_data/1089_BH01OENC
1090,1090_BH01OENC,I_MSV_DEV_ENR/Enr_data/1090_BH01OENC
1091,1091_BH01OENC,I_MSV_DEV_ENR/Enr_data/1091_BH01OENC
1092,1092_BH01OENC,I_MSV_DEV_ENR/Enr_data/1092_BH01OENC
1093,1093_BH01OENC,I_MSV_DEV_ENR/Enr_data/1093_BH01OENC
1094,1094_BH01OENC,I_MSV_DEV_ENR/Enr_data/1094_BH01OENC
1095,1095_BH01OENC,I_MSV_DEV_ENR/Enr_data/1095_BH01OENC
1096,1096_BH01OENC,I_MSV_DEV_ENR/Enr_data/1096_BH01OENC
1098,1098_BH01OENC,I_MSV_DEV_ENR/Enr_data/1098_BH01OENC
1099,1099_BH01OENC,I_MSV_DEV_ENR/Enr_data/1099_BH01OENC
1101,1101_BH01OENC,I_MSV_DEV_ENR/Enr_data/1101_BH01OENC
1104,1104_BH01OENC,I_MSV_DEV_ENR/Enr_data/1104_BH01OENC
1105,1105_BH01OENC,I_MSV_DEV_ENR/Enr_data/1105_BH01OENC
1106,1106_BH01OENC,I_MSV_DEV_ENR/Enr_data/1106_BH01OENC
1107,1107_BH01OENC,I_MSV_DEV_ENR/Enr_data/1107_BH01OENC
1108,1108_BH01OENC,I_MSV_DEV_ENR/Enr_data/1108_BH01OENC
1109,1109_BH01OENC,I_MSV_DEV_ENR/Enr_data/1109_BH01OENC
2046,2046_BH01OENC,I_MSV_DEV_ENR/Enr_data/2046_BH01OENC
2047,2047_BH01OENC,I_MSV_DEV_ENR/Enr_data/2047_BH01OENC
2048,2048_BH01OENC,I_MSV_DEV_ENR/Enr_data/2048_BH01OENC
2050,2050_BH01OENC,I_MSV_DEV_ENR/Enr_data/2050_BH01OENC
2056,2056_BH01OENC,I_MSV_DEV_ENR/Enr_data/2056_BH01OENC
2083,2083_BH01OENC,I_MSV_DEV_ENR/Enr_data/2083_BH01OENC
2097,2097_BH01OENC,I_MSV_DEV_ENR/Enr_data/2097_BH01OENC
2100,2100_BH01OENC,I_MSV_DEV_ENR/Enr_data/2100_BH01OENC
2102,2102_BH01OENC,I_MSV_DEV_ENR/Enr_data/2102_BH01OENC
2103,2103_BH01OENC,I_MSV_DEV_ENR/Enr_data/2103_BH01OENC
