Sl.No,speaker_id,utterance_id,File Name,Duration,Type(C/R),Environment,SessionNO,Recorded_Language,language,sensor,Sampling freq,Phase_No,gender,Speaker_Age,Language spoken frequently at home, Language of instruction during schooling*,wav_path,
1,1043,1043_AD01OENC,AD01OENC.wav,00:03:43,C,Office_Environment,Session1,English_Language,EN,D01,16 kHz/16 bits,1,M,24,HN,HN,disc_4\IITG_MV_Phase_I_Speaker_Recognition_Database_1.04\Office_Environment\Session1\English_Language\D01\1043_AD01OENC.wav,
2,1043,1043_AH01OENC,AH01OENC.wav,00:03:43,C,Office_Environment,Session1,English_Language,EN,H01,16 kHz/16 bits,1,M,24,HN,HN,disc_4\IITG_MV_Phase_I_Speaker_Recognition_Database_1.04\Office_Environment\Session1\English_Language\H01\1043_AH01OENC.wav,
3,1043,1043_AM01OENC,AM01OENC.wav,00:03:43,C,Office_Environment,Session1,English_Language,EN,M01,8 kHz/16 bits,1,M,24,HN,HN,disc_4\IITG_MV_Phase_I_Speaker_Recognition_Database_1.04\Office_Environment\Session1\English_Language\M01\1043_AM01OENC.wav,
4,1043,1043_AM02OENC,AM02OENC.wav,00:03:43,C,Office_Environment,Session1,English_Language,EN,M02,8 kHz/16 bits,1,M,24,HN,HN,disc_4\IITG_MV_Phase_I_Speaker_Recognition_Database_1.04\Office_Environment\Session1\English_Language\M02\1043_AM02OENC.wav,
5,1043,1043_AT01OENC,AT01OENC.wav,00:03:43,C,Office_Environment,Session1,English_Language,EN,T01,16 kHz/16 bits,1,M,24,HN,HN,disc_4\IITG_MV_Phase_I_Speaker_Recognition_Database_1.04\Office_Environment\Session1\English_Language\T01\1043_AT01OENC.wav,
6,1066,1066_AD01OENC,AD01OENC.wav,00:15:03,C,Office_Environment,Session1,English_Language,EN,D01,16 kHz/16 bits,1,M,24,HN,HN,disc_6\IITG_MV_Phase_I_Speaker_Recognition_Database_1.06\Office_Environment\Session1\English_Language\D01\1066_AD01OENC.wav,
7,1066,1066_AH01OENC,AH01OENC.wav,00:15:03,C,Office_Environment,Session1,English_Language,EN,H01,16 kHz/16 bits,1,M,24,HN,HN,disc_6\IITG_MV_Phase_I_Speaker_Recognition_Database_1.06\Office_Environment\Session1\English_Language\H01\1066_AH01OENC.wav,
8,1066,1066_AM01OENC,AM01OENC.wav,00:15:03,C,Office_Environment,Session1,English_Language,EN,M01,8 kHz/16 bits,1,M,24,HN,HN,disc_6\IITG_MV_Phase_I_Speaker_Recognition_Database_1.06\Office_Environment\Session1\English_Language\M01\1066_AM01OENC.wav,
9,1066,1066_AM02OENC,AM02OENC.wav,00:15:03,C,Office_Environment,Session1,English_Language,EN,M02,8 kHz/16 bits,1,M,24,HN,HN,disc_6\IITG_MV_Phase_I_Speaker_Recognition_Database_1.06\Office_Environment\Session1\English_Language\M02\1066_AM02OENC.wav,
10,1066,1066_AT01OENC,AT01OENC.wav,00:15:03,C,Office_Environment,Session1,English_Language,EN,T01,16 kHz/16 bits,1,M,24,HN,HN,disc_6\IITG_MV_Phase_I_Speaker_Recognition_Database_1.06\Office_Environment\Session1\English_Language\T01\1066_AT01OENC.wav,
11,1067,1067_AD01OENC,AD01OENC.wav,00:15:31,C,Office_Environment,Session1,English_Language,EN,D01,16 kHz/16 bits,1,M,23,OR,OR,disc_6\IITG_MV_Phase_I_Speaker_Recognition_Database_1.06\Office_Environment\Session1\English_Language\D01\1067_AD01OENC.wav,
12,1067,1067_AH01OENC,AH01OENC.wav,00:15:31,C,Office_Environment,Session1,English_Language,EN,H01,16 kHz/16 bits,1,M,23,OR,OR,disc_6\IITG_MV_Phase_I_Speaker_Recognition_Database_1.06\Office_Environment\Session1\English_Language\H01\1067_AH01OENC.wav,
13,1067,1067_AM01OENC,AM01OENC.wav,00:15:31,C,Office_Environment,Session1,English_Language,EN,M01,8 kHz/16 bits,1,M,23,OR,OR,disc_6\IITG_MV_Phase_I_Speaker_Recognition_Database_1.06\Office_Environment\Session1\English_Language\M01\1067_AM01OENC.wav,
14,1067,1067_AM02OENC,AM02OENC.wav,00:15:31,C,Office_Environment,Session1,English_Language,EN,M02,8 kHz/16 bits,1,M,23,OR,OR,disc_6\IITG_MV_Phase_I_Speaker_Recognition_Database_1.06\Office_Environment\Session1\English_Language\M02\1067_AM02OENC.wav,
15,1067,1067_AT01OENC,AT01OENC.wav,00:15:31,C,Office_Environment,Session1,English_Language,EN,T01,16 kHz/16 bits,1,M,23,OR,OR,disc_6\IITG_MV_Phase_I_Speaker_Recognition_Database_1.06\Office_Environment\Session1\English_Language\T01\1067_AT01OENC.wav,
16,1068,1068_AD01OENC,AD01OENC.wav,00:14:03,C,Office_Environment,Session1,English_Language,EN,D01,16 kHz/16 bits,1,M,26,OR,OR,disc_6\IITG_MV_Phase_I_Speaker_Recognition_Database_1.06\Office_Environment\Session1\English_Language\D01\1068_AD01OENC.wav,
17,1068,1068_AH01OENC,AH01OENC.wav,00:14:03,C,Office_Environment,Session1,English_Language,EN,H01,16 kHz/16 bits,1,M,26,OR,OR,disc_6\IITG_MV_Phase_I_Speaker_Recognition_Database_1.06\Office_Environment\Session1\English_Language\H01\1068_AH01OENC.wav,
18,1068,1068_AM01OENC,AM01OENC.wav,00:14:03,C,Office_Environment,Session1,English_Language,EN,M01,8 kHz/16 bits,1,M,26,OR,OR,disc_6\IITG_MV_Phase_I_Speaker_Recognition_Database_1.06\Office_Environment\Session1\English_Language\M01\1068_AM01OENC.wav,
19,1068,1068_AM02OENC,AM02OENC.wav,00:14:03,C,Office_Environment,Session1,English_Language,EN,M02,8 kHz/16 bits,1,M,26,OR,OR,disc_6\IITG_MV_Phase_I_Speaker_Recognition_Database_1.06\Office_Environment\Session1\English_Language\M02\1068_AM02OENC.wav,
20,1068,1068_AT01OENC,AT01OENC.wav,00:14:03,C,Office_Environment,Session1,English_Language,EN,T01,16 kHz/16 bits,1,M,26,OR,OR,disc_6\IITG_MV_Phase_I_Speaker_Recognition_Database_1.06\Office_Environment\Session1\English_Language\T01\1068_AT01OENC.wav,
21,1069,1069_AD01OENC,AD01OENC.wav,00:12:42,C,Office_Environment,Session1,English_Language,EN,D01,16 kHz/16 bits,1,M,31,OR,OR,disc_6\IITG_MV_Phase_I_Speaker_Recognition_Database_1.06\Office_Environment\Session1\English_Language\D01\1069_AD01OENC.wav,
22,1069,1069_AH01OENC,AH01OENC.wav,00:12:42,C,Office_Environment,Session1,English_Language,EN,H01,16 kHz/16 bits,1,M,31,OR,OR,disc_6\IITG_MV_Phase_I_Speaker_Recognition_Database_1.06\Office_Environment\Session1\English_Language\H01\1069_AH01OENC.wav,
23,1069,1069_AM01OENC,AM01OENC.wav,00:12:42,C,Office_Environment,Session1,English_Language,EN,M01,8 kHz/16 bits,1,M,31,OR,OR,disc_6\IITG_MV_Phase_I_Speaker_Recognition_Database_1.06\Office_Environment\Session1\English_Language\M01\1069_AM01OENC.wav,
24,1069,1069_AM02OENC,AM02OENC.wav,00:12:42,C,Office_Environment,Session1,English_Language,EN,M02,8 kHz/16 bits,1,M,31,OR,OR,disc_6\IITG_MV_Phase_I_Speaker_Recognition_Database_1.06\Office_Environment\Session1\English_Language\M02\1069_AM02OENC.wav,
25,1069,1069_AT01OENC,AT01OENC.wav,00:12:42,C,Office_Environment,Session1,English_Language,EN,T01,16 kHz/16 bits,1,M,31,OR,OR,disc_6\IITG_MV_Phase_I_Speaker_Recognition_Database_1.06\Office_Environment\Session1\English_Language\T01\1069_AT01OENC.wav,
26,1070,1070_AD01OENC,AD01OENC.wav,00:12:47,C,Office_Environment,Session1,English_Language,EN,D01,16 kHz/16 bits,1,M,32,OR,OR,disc_6\IITG_MV_Phase_I_Speaker_Recognition_Database_1.06\Office_Environment\Session1\English_Language\D01\1070_AD01OENC.wav,
27,1070,1070_AH01OENC,AH01OENC.wav,00:12:47,C,Office_Environment,Session1,English_Language,EN,H01,16 kHz/16 bits,1,M,32,OR,OR,disc_6\IITG_MV_Phase_I_Speaker_Recognition_Database_1.06\Office_Environment\Session1\English_Language\H01\1070_AH01OENC.wav,
28,1070,1070_AM01OENC,AM01OENC.wav,00:12:47,C,Office_Environment,Session1,English_Language,EN,M01,8 kHz/16 bits,1,M,32,OR,OR,disc_6\IITG_MV_Phase_I_Speaker_Recognition_Database_1.06\Office_Environment\Session1\English_Language\M01\1070_AM01OENC.wav,
29,1070,1070_AM02OENC,AM02OENC.wav,00:12:47,C,Office_Environment,Session1,English_Language,EN,M02,8 kHz/16 bits,1,M,32,OR,OR,disc_6\IITG_MV_Phase_I_Speaker_Recognition_Database_1.06\Office_Environment\Session1\English_Language\M02\1070_AM02OENC.wav,
30,1070,1070_AT01OENC,AT01OENC.wav,00:12:47,C,Office_Environment,Session1,English_Language,EN,T01,16 kHz/16 bits,1,M,32,OR,OR,disc_6\IITG_MV_Phase_I_Speaker_Recognition_Database_1.06\Office_Environment\Session1\English_Language\T01\1070_AT01OENC.wav,
31,1071,1071_AD01OENC,AD01OENC.wav,00:15:04,C,Office_Environment,Session1,English_Language,EN,D01,16 kHz/16 bits,1,M,28,ML,ML,disc_6\IITG_MV_Phase_I_Speaker_Recognition_Database_1.06\Office_Environment\Session1\English_Language\D01\1071_AD01OENC.wav,
32,1071,1071_AH01OENC,AH01OENC.wav,00:15:04,C,Office_Environment,Session1,English_Language,EN,H01,16 kHz/16 bits,1,M,28,ML,ML,disc_6\IITG_MV_Phase_I_Speaker_Recognition_Database_1.06\Office_Environment\Session1\English_Language\H01\1071_AH01OENC.wav,
33,1071,1071_AM01OENC,AM01OENC.wav,00:15:04,C,Office_Environment,Session1,English_Language,EN,M01,8 kHz/16 bits,1,M,28,ML,ML,disc_6\IITG_MV_Phase_I_Speaker_Recognition_Database_1.06\Office_Environment\Session1\English_Language\M01\1071_AM01OENC.wav,
34,1071,1071_AM02OENC,AM02OENC.wav,00:15:04,C,Office_Environment,Session1,English_Language,EN,M02,8 kHz/16 bits,1,M,28,ML,ML,disc_6\IITG_MV_Phase_I_Speaker_Recognition_Database_1.06\Office_Environment\Session1\English_Language\M02\1071_AM02OENC.wav,
35,1071,1071_AT01OENC,AT01OENC.wav,00:15:04,C,Office_Environment,Session1,English_Language,EN,T01,16 kHz/16 bits,1,M,28,ML,ML,disc_6\IITG_MV_Phase_I_Speaker_Recognition_Database_1.06\Office_Environment\Session1\English_Language\T01\1071_AT01OENC.wav,
36,1072,1072_AD01OENC,AD01OENC.wav,00:10:38,C,Office_Environment,Session1,English_Language,EN,D01,16 kHz/16 bits,1,M,33,GJ,GJ,disc_7\IITG_MV_Phase_I_Speaker_Recognition_Database_1.07\Office_Environment\Session1\English_Language\D01\1072_AD01OENC.wav,
37,1072,1072_AH01OENC,AH01OENC.wav,00:10:38,C,Office_Environment,Session1,English_Language,EN,H01,16 kHz/16 bits,1,M,33,GJ,GJ,disc_7\IITG_MV_Phase_I_Speaker_Recognition_Database_1.07\Office_Environment\Session1\English_Language\H01\1072_AH01OENC.wav,
38,1072,1072_AM01OENC,AM01OENC.wav,00:10:38,C,Office_Environment,Session1,English_Language,EN,M01,8 kHz/16 bits,1,M,33,GJ,GJ,disc_7\IITG_MV_Phase_I_Speaker_Recognition_Database_1.07\Office_Environment\Session1\English_Language\M01\1072_AM01OENC.wav,
39,1072,1072_AM02OENC,AM02OENC.wav,00:10:38,C,Office_Environment,Session1,English_Language,EN,M02,8 kHz/16 bits,1,M,33,GJ,GJ,disc_7\IITG_MV_Phase_I_Speaker_Recognition_Database_1.07\Office_Environment\Session1\English_Language\M02\1072_AM02OENC.wav,
40,1072,1072_AT01OENC,AT01OENC.wav,00:10:38,C,Office_Environment,Session1,English_Language,EN,T01,16 kHz/16 bits,1,M,33,GJ,GJ,disc_7\IITG_MV_Phase_I_Speaker_Recognition_Database_1.07\Office_Environment\Session1\English_Language\T01\1072_AT01OENC.wav,
41,1073,1073_AD01OENC,AD01OENC.wav,00:13:34,C,Office_Environment,Session1,English_Language,EN,D01,16 kHz/16 bits,1,M,30,HN,EN,disc_7\IITG_MV_Phase_I_Speaker_Recognition_Database_1.07\Office_Environment\Session1\English_Language\D01\1073_AD01OENC.wav,
42,1073,1073_AH01OENC,AH01OENC.wav,00:13:34,C,Office_Environment,Session1,English_Language,EN,H01,16 kHz/16 bits,1,M,30,HN,EN,disc_7\IITG_MV_Phase_I_Speaker_Recognition_Database_1.07\Office_Environment\Session1\English_Language\H01\1073_AH01OENC.wav,
43,1073,1073_AM01OENC,AM01OENC.wav,00:13:34,C,Office_Environment,Session1,English_Language,EN,M01,8 kHz/16 bits,1,M,30,HN,EN,disc_7\IITG_MV_Phase_I_Speaker_Recognition_Database_1.07\Office_Environment\Session1\English_Language\M01\1073_AM01OENC.wav,
44,1073,1073_AM02OENC,AM02OENC.wav,00:13:34,C,Office_Environment,Session1,English_Language,EN,M02,8 kHz/16 bits,1,M,30,HN,EN,disc_7\IITG_MV_Phase_I_Speaker_Recognition_Database_1.07\Office_Environment\Session1\English_Language\M02\1073_AM02OENC.wav,
45,1073,1073_AT01OENC,AT01OENC.wav,00:13:34,C,Office_Environment,Session1,English_Language,EN,T01,16 kHz/16 bits,1,M,30,HN,EN,disc_7\IITG_MV_Phase_I_Speaker_Recognition_Database_1.07\Office_Environment\Session1\English_Language\T01\1073_AT01OENC.wav,
46,1074,1074_AD01OENC,AD01OENC.wav,00:11:09,C,Office_Environment,Session1,English_Language,EN,D01,16 kHz/16 bits,1,M,34,OR,OR,disc_7\IITG_MV_Phase_I_Speaker_Recognition_Database_1.07\Office_Environment\Session1\English_Language\D01\1074_AD01OENC.wav,
47,1074,1074_AH01OENC,AH01OENC.wav,00:11:09,C,Office_Environment,Session1,English_Language,EN,H01,16 kHz/16 bits,1,M,34,OR,OR,disc_7\IITG_MV_Phase_I_Speaker_Recognition_Database_1.07\Office_Environment\Session1\English_Language\H01\1074_AH01OENC.wav,
48,1074,1074_AM01OENC,AM01OENC.wav,00:11:09,C,Office_Environment,Session1,English_Language,EN,M01,8 kHz/16 bits,1,M,34,OR,OR,disc_7\IITG_MV_Phase_I_Speaker_Recognition_Database_1.07\Office_Environment\Session1\English_Language\M01\1074_AM01OENC.wav,
49,1074,1074_AM02OENC,AM02OENC.wav,00:11:09,C,Office_Environment,Session1,English_Language,EN,M02,8 kHz/16 bits,1,M,34,OR,OR,disc_7\IITG_MV_Phase_I_Speaker_Recognition_Database_1.07\Office_Environment\Session1\English_Language\M02\1074_AM02OENC.wav,
50,1074,1074_AT01OENC,AT01OENC.wav,00:11:09,C,Office_Environment,Session1,English_Language,EN,T01,16 kHz/16 bits,1,M,34,OR,OR,disc_7\IITG_MV_Phase_I_Speaker_Recognition_Database_1.07\Office_Environment\Session1\English_Language\T01\1074_AT01OENC.wav,
51,1075,1075_AD01OENC,AD01OENC.wav,00:12:07,C,Office_Environment,Session1,English_Language,EN,D01,16 kHz/16 bits,1,M,25,HN,HN,disc_7\IITG_MV_Phase_I_Speaker_Recognition_Database_1.07\Office_Environment\Session1\English_Language\D01\1075_AD01OENC.wav,
52,1075,1075_AH01OENC,AH01OENC.wav,00:12:07,C,Office_Environment,Session1,English_Language,EN,H01,16 kHz/16 bits,1,M,25,HN,HN,disc_7\IITG_MV_Phase_I_Speaker_Recognition_Database_1.07\Office_Environment\Session1\English_Language\H01\1075_AH01OENC.wav,
53,1075,1075_AM01OENC,AM01OENC.wav,00:12:07,C,Office_Environment,Session1,English_Language,EN,M01,8 kHz/16 bits,1,M,25,HN,HN,disc_7\IITG_MV_Phase_I_Speaker_Recognition_Database_1.07\Office_Environment\Session1\English_Language\M01\1075_AM01OENC.wav,
54,1075,1075_AM02OENC,AM02OENC.wav,00:12:07,C,Office_Environment,Session1,English_Language,EN,M02,8 kHz/16 bits,1,M,25,HN,HN,disc_7\IITG_MV_Phase_I_Speaker_Recognition_Database_1.07\Office_Environment\Session1\English_Language\M02\1075_AM02OENC.wav,
55,1075,1075_AT01OENC,AT01OENC.wav,00:12:07,C,Office_Environment,Session1,English_Language,EN,T01,16 kHz/16 bits,1,M,25,HN,HN,disc_7\IITG_MV_Phase_I_Speaker_Recognition_Database_1.07\Office_Environment\Session1\English_Language\T01\1075_AT01OENC.wav,
56,1076,1076_AD01OENC,AD01OENC.wav,00:10:59,C,Office_Environment,Session1,English_Language,EN,D01,16 kHz/16 bits,1,M,28,ML,ML,disc_7\IITG_MV_Phase_I_Speaker_Recognition_Database_1.07\Office_Environment\Session1\English_Language\D01\1076_AD01OENC.wav,
57,1076,1076_AH01OENC,AH01OENC.wav,00:10:59,C,Office_Environment,Session1,English_Language,EN,H01,16 kHz/16 bits,1,M,28,ML,ML,disc_7\IITG_MV_Phase_I_Speaker_Recognition_Database_1.07\Office_Environment\Session1\English_Language\H01\1076_AH01OENC.wav,
58,1076,1076_AM01OENC,AM01OENC.wav,00:10:59,C,Office_Environment,Session1,English_Language,EN,M01,8 kHz/16 bits,1,M,28,ML,ML,disc_7\IITG_MV_Phase_I_Speaker_Recognition_Database_1.07\Office_Environment\Session1\English_Language\M01\1076_AM01OENC.wav,
59,1076,1076_AM02OENC,AM02OENC.wav,00:10:59,C,Office_Environment,Session1,English_Language,EN,M02,8 kHz/16 bits,1,M,28,ML,ML,disc_7\IITG_MV_Phase_I_Speaker_Recognition_Database_1.07\Office_Environment\Session1\English_Language\M02\1076_AM02OENC.wav,
60,1076,1076_AT01OENC,AT01OENC.wav,00:10:59,C,Office_Environment,Session1,English_Language,EN,T01,16 kHz/16 bits,1,M,28,ML,ML,disc_7\IITG_MV_Phase_I_Speaker_Recognition_Database_1.07\Office_Environment\Session1\English_Language\T01\1076_AT01OENC.wav,
61,1077,1077_AD01OENC,AD01OENC.wav,00:12:53,C,Office_Environment,Session1,English_Language,EN,D01,16 kHz/16 bits,1,M,31,OR,OR,disc_7\IITG_MV_Phase_I_Speaker_Recognition_Database_1.07\Office_Environment\Session1\English_Language\D01\1077_AD01OENC.wav,
62,1077,1077_AH01OENC,AH01OENC.wav,00:12:53,C,Office_Environment,Session1,English_Language,EN,H01,16 kHz/16 bits,1,M,31,OR,OR,disc_7\IITG_MV_Phase_I_Speaker_Recognition_Database_1.07\Office_Environment\Session1\English_Language\H01\1077_AH01OENC.wav,
63,1077,1077_AM01OENC,AM01OENC.wav,00:12:53,C,Office_Environment,Session1,English_Language,EN,M01,8 kHz/16 bits,1,M,31,OR,OR,disc_7\IITG_MV_Phase_I_Speaker_Recognition_Database_1.07\Office_Environment\Session1\English_Language\M01\1077_AM01OENC.wav,
64,1077,1077_AM02OENC,AM02OENC.wav,00:12:53,C,Office_Environment,Session1,English_Language,EN,M02,8 kHz/16 bits,1,M,31,OR,OR,disc_7\IITG_MV_Phase_I_Speaker_Recognition_Database_1.07\Office_Environment\Session1\English_Language\M02\1077_AM02OENC.wav,
65,1077,1077_AT01OENC,AT01OENC.wav,00:12:53,C,Office_Environment,Session1,English_Language,EN,T01,16 kHz/16 bits,1,M,31,OR,OR,disc_7\IITG_MV_Phase_I_Speaker_Recognition_Database_1.07\Office_Environment\Session1\English_Language\T01\1077_AT01OENC.wav,
66,1078,1078_AD01OENC,AD01OENC.wav,00:12:59,C,Office_Environment,Session1,English_Language,EN,D01,16 kHz/16 bits,1,M,38,KN,KN,disc_7\IITG_MV_Phase_I_Speaker_Recognition_Database_1.07\Office_Environment\Session1\English_Language\D01\1078_AD01OENC.wav,
67,1078,1078_AH01OENC,AH01OENC.wav,00:12:59,C,Office_Environment,Session1,English_Language,EN,H01,16 kHz/16 bits,1,M,38,KN,KN,disc_7\IITG_MV_Phase_I_Speaker_Recognition_Database_1.07\Office_Environment\Session1\English_Language\H01\1078_AH01OENC.wav,
68,1078,1078_AM01OENC,AM01OENC.wav,00:12:59,C,Office_Environment,Session1,English_Language,EN,M01,8 kHz/16 bits,1,M,38,KN,KN,disc_7\IITG_MV_Phase_I_Speaker_Recognition_Database_1.07\Office_Environment\Session1\English_Language\M01\1078_AM01OENC.wav,
69,1078,1078_AM02OENC,AM02OENC.wav,00:12:59,C,Office_Environment,Session1,English_Language,EN,M02,8 kHz/16 bits,1,M,38,KN,KN,disc_7\IITG_MV_Phase_I_Speaker_Recognition_Database_1.07\Office_Environment\Session1\English_Language\M02\1078_AM02OENC.wav,
70,1078,1078_AT01OENC,AT01OENC.wav,00:12:59,C,Office_Environment,Session1,English_Language,EN,T01,16 kHz/16 bits,1,M,38,KN,KN,disc_7\IITG_MV_Phase_I_Speaker_Recognition_Database_1.07\Office_Environment\Session1\English_Language\T01\1078_AT01OENC.wav,
71,1079,1079_AD01OENC,AD01OENC.wav,00:11:54,C,Office_Environment,Session1,English_Language,EN,D01,16 kHz/16 bits,1,M,31,OR,OR,disc_7\IITG_MV_Phase_I_Speaker_Recognition_Database_1.07\Office_Environment\Session1\English_Language\D01\1079_AD01OENC.wav,
72,1079,1079_AH01OENC,AH01OENC.wav,00:11:54,C,Office_Environment,Session1,English_Language,EN,H01,16 kHz/16 bits,1,M,31,OR,OR,disc_7\IITG_MV_Phase_I_Speaker_Recognition_Database_1.07\Office_Environment\Session1\English_Language\H01\1079_AH01OENC.wav,
73,1079,1079_AM01OENC,AM01OENC.wav,00:11:54,C,Office_Environment,Session1,English_Language,EN,M01,8 kHz/16 bits,1,M,31,OR,OR,disc_7\IITG_MV_Phase_I_Speaker_Recognition_Database_1.07\Office_Environment\Session1\English_Language\M01\1079_AM01OENC.wav,
74,1079,1079_AM02OENC,AM02OENC.wav,00:11:54,C,Office_Environment,Session1,English_Language,EN,M02,8 kHz/16 bits,1,M,31,OR,OR,disc_7\IITG_MV_Phase_I_Speaker_Recognition_Database_1.07\Office_Environment\Session1\English_Language\M02\1079_AM02OENC.wav,
75,1079,1079_AT01OENC,AT01OENC.wav,00:11:54,C,Office_Environment,Session1,English_Language,EN,T01,16 kHz/16 bits,1,M,31,OR,OR,disc_7\IITG_MV_Phase_I_Speaker_Recognition_Database_1.07\Office_Environment\Session1\English_Language\T01\1079_AT01OENC.wav,
76,1080,1080_AD01OENC,AD01OENC.wav,00:11:00,C,Office_Environment,Session1,English_Language,EN,D01,16 kHz/16 bits,1,M,32,TM,EN,disc_8\IITG_MV_Phase_I_Speaker_Recognition_Database_1.08\Office_Environment\Session1\English_Language\D01\1080_AD01OENC.wav,
77,1080,1080_AH01OENC,AH01OENC.wav,00:11:00,C,Office_Environment,Session1,English_Language,EN,H01,16 kHz/16 bits,1,M,32,TM,EN,disc_8\IITG_MV_Phase_I_Speaker_Recognition_Database_1.08\Office_Environment\Session1\English_Language\H01\1080_AH01OENC.wav,
78,1080,1080_AM01OENC,AM01OENC.wav,00:11:00,C,Office_Environment,Session1,English_Language,EN,M01,8 kHz/16 bits,1,M,32,TM,EN,disc_8\IITG_MV_Phase_I_Speaker_Recognition_Database_1.08\Office_Environment\Session1\English_Language\M01\1080_AM01OENC.wav,
79,1080,1080_AM02OENC,AM02OENC.wav,00:11:00,C,Office_Environment,Session1,English_Language,EN,M02,8 kHz/16 bits,1,M,32,TM,EN,disc_8\IITG_MV_Phase_I_Speaker_Recognition_Database_1.08\Office_Environment\Session1\English_Language\M02\1080_AM02OENC.wav,
80,1080,1080_AT01OENC,AT01OENC.wav,00:11:00,C,Office_Environment,Session1,English_Language,EN,T01,16 kHz/16 bits,1,M,32,TM,EN,disc_8\IITG_MV_Phase_I_Speaker_Recognition_Database_1.08\Office_Environment\Session1\English_Language\T01\1080_AT01OENC.wav,
81,1081,1081_AD01OENC,AD01OENC.wav,00:11:32,C,Office_Environment,Session1,English_Language,EN,D01,16 kHz/16 bits,1,M,28,HN,EN,disc_8\IITG_MV_Phase_I_Speaker_Recognition_Database_1.08\Office_Environment\Session1\English_Language\D01\1081_AD01OENC.wav,
82,1081,1081_AH01OENC,AH01OENC.wav,00:11:32,C,Office_Environment,Session1,English_Language,EN,H01,16 kHz/16 bits,1,M,28,HN,EN,disc_8\IITG_MV_Phase_I_Speaker_Recognition_Database_1.08\Office_Environment\Session1\English_Language\H01\1081_AH01OENC.wav,
83,1081,1081_AM01OENC,AM01OENC.wav,00:11:32,C,Office_Environment,Session1,English_Language,EN,M01,8 kHz/16 bits,1,M,28,HN,EN,disc_8\IITG_MV_Phase_I_Speaker_Recognition_Database_1.08\Office_Environment\Session1\English_Language\M01\1081_AM01OENC.wav,
84,1081,1081_AM02OENC,AM02OENC.wav,00:11:32,C,Office_Environment,Session1,English_Language,EN,M02,8 kHz/16 bits,1,M,28,HN,EN,disc_8\IITG_MV_Phase_I_Speaker_Recognition_Database_1.08\Office_Environment\Session1\English_Language\M02\1081_AM02OENC.wav,
85,1081,1081_AT01OENC,AT01OENC.wav,00:11:32,C,Office_Environment,Session1,English_Language,EN,T01,16 kHz/16 bits,1,M,28,HN,EN,disc_8\IITG_MV_Phase_I_Speaker_Recognition_Database_1.08\Office_Environment\Session1\English_Language\T01\1081_AT01OENC.wav,
86,1082,1082_AD01OENC,AD01OENC.wav,00:11:49,C,Office_Environment,Session1,English_Language,EN,D01,16 kHz/16 bits,1,M,37,AS,AS,disc_8\IITG_MV_Phase_I_Speaker_Recognition_Database_1.08\Office_Environment\Session1\English_Language\D01\1082_AD01OENC.wav,
87,1082,1082_AH01OENC,AH01OENC.wav,00:11:49,C,Office_Environment,Session1,English_Language,EN,H01,16 kHz/16 bits,1,M,37,AS,AS,disc_8\IITG_MV_Phase_I_Speaker_Recognition_Database_1.08\Office_Environment\Session1\English_Language\H01\1082_AH01OENC.wav,
88,1082,1082_AM01OENC,AM01OENC.wav,00:11:49,C,Office_Environment,Session1,English_Language,EN,M01,8 kHz/16 bits,1,M,37,AS,AS,disc_8\IITG_MV_Phase_I_Speaker_Recognition_Database_1.08\Office_Environment\Session1\English_Language\M01\1082_AM01OENC.wav,
89,1082,1082_AM02OENC,AM02OENC.wav,00:11:49,C,Office_Environment,Session1,English_Language,EN,M02,8 kHz/16 bits,1,M,37,AS,AS,disc_8\IITG_MV_Phase_I_Speaker_Recognition_Database_1.08\Office_Environment\Session1\English_Language\M02\1082_AM02OENC.wav,
90,1082,1082_AT01OENC,AT01OENC.wav,00:11:49,C,Office_Environment,Session1,English_Language,EN,T01,16 kHz/16 bits,1,M,37,AS,AS,disc_8\IITG_MV_Phase_I_Speaker_Recognition_Database_1.08\Office_Environment\Session1\English_Language\T01\1082_AT01OENC.wav,
91,1084,1084_AD01OENC,AD01OENC.wav,00:10:03,C,Office_Environment,Session1,English_Language,EN,D01,16 kHz/16 bits,1,M,32,OR,OR,disc_8\IITG_MV_Phase_I_Speaker_Recognition_Database_1.08\Office_Environment\Session1\English_Language\D01\1084_AD01OENC.wav,
92,1084,1084_AH01OENC,AH01OENC.wav,00:10:03,C,Office_Environment,Session1,English_Language,EN,H01,16 kHz/16 bits,1,M,32,OR,OR,disc_8\IITG_MV_Phase_I_Speaker_Recognition_Database_1.08\Office_Environment\Session1\English_Language\H01\1084_AH01OENC.wav,
93,1084,1084_AM01OENC,AM01OENC.wav,00:10:03,C,Office_Environment,Session1,English_Language,EN,M01,8 kHz/16 bits,1,M,32,OR,OR,disc_8\IITG_MV_Phase_I_Speaker_Recognition_Database_1.08\Office_Environment\Session1\English_Language\M01\1084_AM01OENC.wav,
94,1084,1084_AM02OENC,AM02OENC.wav,00:10:03,C,Office_Environment,Session1,English_Language,EN,M02,8 kHz/16 bits,1,M,32,OR,OR,disc_8\IITG_MV_Phase_I_Speaker_Recognition_Database_1.08\Office_Environment\Session1\English_Language\M02\1084_AM02OENC.wav,
95,1084,1084_AT01OENC,AT01OENC.wav,00:10:03,C,Office_Environment,Session1,English_Language,EN,T01,16 kHz/16 bits,1,M,32,OR,OR,disc_8\IITG_MV_Phase_I_Speaker_Recognition_Database_1.08\Office_Environment\Session1\English_Language\T01\1084_AT01OENC.wav,
96,1085,1085_AD01OENC,AD01OENC.wav,00:10:15,C,Office_Environment,Session1,English_Language,EN,D01,16 kHz/16 bits,1,M,24,BN,BN,disc_8\IITG_MV_Phase_I_Speaker_Recognition_Database_1.08\Office_Environment\Session1\English_Language\D01\1085_AD01OENC.wav,
97,1085,1085_AH01OENC,AH01OENC.wav,00:10:15,C,Office_Environment,Session1,English_Language,EN,H01,16 kHz/16 bits,1,M,24,BN,BN,disc_8\IITG_MV_Phase_I_Speaker_Recognition_Database_1.08\Office_Environment\Session1\English_Language\H01\1085_AH01OENC.wav,
98,1085,1085_AM01OENC,AM01OENC.wav,00:10:15,C,Office_Environment,Session1,English_Language,EN,M01,8 kHz/16 bits,1,M,24,BN,BN,disc_8\IITG_MV_Phase_I_Speaker_Recognition_Database_1.08\Office_Environment\Session1\English_Language\M01\1085_AM01OENC.wav,
99,1085,1085_AM02OENC,AM02OENC.wav,00:10:15,C,Office_Environment,Session1,English_Language,EN,M02,8 kHz/16 bits,1,M,24,BN,BN,disc_8\IITG_MV_Phase_I_Speaker_Recognition_Database_1.08\Office_Environment\Session1\English_Language\M02\1085_AM02OENC.wav,
100,1085,1085_AT01OENC,AT01OENC.wav,00:10:15,C,Office_Environment,Session1,English_Language,EN,T01,16 kHz/16 bits,1,M,24,BN,BN,disc_8\IITG_MV_Phase_I_Speaker_Recognition_Database_1.08\Office_Environment\Session1\English_Language\T01\1085_AT01OENC.wav,
101,1086,1086_AD01OENC,AD01OENC.wav,00:10:40,C,Office_Environment,Session1,English_Language,EN,D01,16 kHz/16 bits,1,M,23,HN,HN,disc_8\IITG_MV_Phase_I_Speaker_Recognition_Database_1.08\Office_Environment\Session1\English_Language\D01\1086_AD01OENC.wav,
102,1086,1086_AH01OENC,AH01OENC.wav,00:10:40,C,Office_Environment,Session1,English_Language,EN,H01,16 kHz/16 bits,1,M,23,HN,HN,disc_8\IITG_MV_Phase_I_Speaker_Recognition_Database_1.08\Office_Environment\Session1\English_Language\H01\1086_AH01OENC.wav,
103,1086,1086_AM01OENC,AM01OENC.wav,00:10:40,C,Office_Environment,Session1,English_Language,EN,M01,8 kHz/16 bits,1,M,23,HN,HN,disc_8\IITG_MV_Phase_I_Speaker_Recognition_Database_1.08\Office_Environment\Session1\English_Language\M01\1086_AM01OENC.wav,
104,1086,1086_AM02OENC,AM02OENC.wav,00:10:40,C,Office_Environment,Session1,English_Language,EN,M02,8 kHz/16 bits,1,M,23,HN,HN,disc_8\IITG_MV_Phase_I_Speaker_Recognition_Database_1.08\Office_Environment\Session1\English_Language\M02\1086_AM02OENC.wav,
105,1086,1086_AT01OENC,AT01OENC.wav,00:10:40,C,Office_Environment,Session1,English_Language,EN,T01,16 kHz/16 bits,1,M,23,HN,HN,disc_8\IITG_MV_Phase_I_Speaker_Recognition_Database_1.08\Office_Environment\Session1\English_Language\T01\1086_AT01OENC.wav,
106,1087,1087_AD01OENC,AD01OENC.wav,00:07:53,C,Office_Environment,Session1,English_Language,EN,D01,16 kHz/16 bits,1,M,20,HN,EN,disc_8\IITG_MV_Phase_I_Speaker_Recognition_Database_1.08\Office_Environment\Session1\English_Language\D01\1087_AD01OENC.wav,
107,1087,1087_AH01OENC,AH01OENC.wav,00:07:53,C,Office_Environment,Session1,English_Language,EN,H01,16 kHz/16 bits,1,M,20,HN,EN,disc_8\IITG_MV_Phase_I_Speaker_Recognition_Database_1.08\Office_Environment\Session1\English_Language\H01\1087_AH01OENC.wav,
108,1087,1087_AM01OENC,AM01OENC.wav,00:07:53,C,Office_Environment,Session1,English_Language,EN,M01,8 kHz/16 bits,1,M,20,HN,EN,disc_8\IITG_MV_Phase_I_Speaker_Recognition_Database_1.08\Office_Environment\Session1\English_Language\M01\1087_AM01OENC.wav,
109,1087,1087_AM02OENC,AM02OENC.wav,00:07:53,C,Office_Environment,Session1,English_Language,EN,M02,8 kHz/16 bits,1,M,20,HN,EN,disc_8\IITG_MV_Phase_I_Speaker_Recognition_Database_1.08\Office_Environment\Session1\English_Language\M02\1087_AM02OENC.wav,
110,1087,1087_AT01OENC,AT01OENC.wav,00:07:53,C,Office_Environment,Session1,English_Language,EN,T01,16 kHz/16 bits,1,M,20,HN,EN,disc_8\IITG_MV_Phase_I_Speaker_Recognition_Database_1.08\Office_Environment\Session1\English_Language\T01\1087_AT01OENC.wav,
111,1088,1088_AD01OENC,AD01OENC.wav,00:07:57,C,Office_Environment,Session1,English_Language,EN,D01,16 kHz/16 bits,1,M,25,HN,HN,disc_8\IITG_MV_Phase_I_Speaker_Recognition_Database_1.08\Office_Environment\Session1\English_Language\D01\1088_AD01OENC.wav,
112,1088,1088_AH01OENC,AH01OENC.wav,00:07:57,C,Office_Environment,Session1,English_Language,EN,H01,16 kHz/16 bits,1,M,25,HN,HN,disc_8\IITG_MV_Phase_I_Speaker_Recognition_Database_1.08\Office_Environment\Session1\English_Language\H01\1088_AH01OENC.wav,
113,1088,1088_AM01OENC,AM01OENC.wav,00:07:57,C,Office_Environment,Session1,English_Language,EN,M01,8 kHz/16 bits,1,M,25,HN,HN,disc_8\IITG_MV_Phase_I_Speaker_Recognition_Database_1.08\Office_Environment\Session1\English_Language\M01\1088_AM01OENC.wav,
114,1088,1088_AM02OENC,AM02OENC.wav,00:07:57,C,Office_Environment,Session1,English_Language,EN,M02,8 kHz/16 bits,1,M,25,HN,HN,disc_8\IITG_MV_Phase_I_Speaker_Recognition_Database_1.08\Office_Environment\Session1\English_Language\M02\1088_AM02OENC.wav,
115,1088,1088_AT01OENC,AT01OENC.wav,00:07:57,C,Office_Environment,Session1,English_Language,EN,T01,16 kHz/16 bits,1,M,25,HN,HN,disc_8\IITG_MV_Phase_I_Speaker_Recognition_Database_1.08\Office_Environment\Session1\English_Language\T01\1088_AT01OENC.wav,
116,1089,1089_AD01OENC,AD01OENC.wav,00:03:17,C,Office_Environment,Session1,English_Language,EN,D01,16 kHz/16 bits,1,M,20,HN,HN,disc_9\IITG_MV_Phase_I_Speaker_Recognition_Database_1.09\Office_Environment\Session1\English_Language\D01\1089_AD01OENC.wav,
117,1089,1089_AH01OENC,AH01OENC.wav,00:03:17,C,Office_Environment,Session1,English_Language,EN,H01,16 kHz/16 bits,1,M,20,HN,HN,disc_9\IITG_MV_Phase_I_Speaker_Recognition_Database_1.09\Office_Environment\Session1\English_Language\H01\1089_AH01OENC.wav,
118,1089,1089_AM01OENC,AM01OENC.wav,00:03:17,C,Office_Environment,Session1,English_Language,EN,M01,8 kHz/16 bits,1,M,20,HN,HN,disc_9\IITG_MV_Phase_I_Speaker_Recognition_Database_1.09\Office_Environment\Session1\English_Language\M01\1089_AM01OENC.wav,
119,1089,1089_AM02OENC,AM02OENC.wav,00:03:17,C,Office_Environment,Session1,English_Language,EN,M02,8 kHz/16 bits,1,M,20,HN,HN,disc_9\IITG_MV_Phase_I_Speaker_Recognition_Database_1.09\Office_Environment\Session1\English_Language\M02\1089_AM02OENC.wav,
120,1089,1089_AT01OENC,AT01OENC.wav,00:03:17,C,Office_Environment,Session1,English_Language,EN,T01,16 kHz/16 bits,1,M,20,HN,HN,disc_9\IITG_MV_Phase_I_Speaker_Recognition_Database_1.09\Office_Environment\Session1\English_Language\T01\1089_AT01OENC.wav,
121,1090,1090_AD01OENC,AD01OENC.wav,00:06:03,C,Office_Environment,Session1,English_Language,EN,D01,16 kHz/16 bits,1,M,26,MR,EN,disc_9\IITG_MV_Phase_I_Speaker_Recognition_Database_1.09\Office_Environment\Session1\English_Language\D01\1090_AD01OENC.wav,
122,1090,1090_AH01OENC,AH01OENC.wav,00:06:03,C,Office_Environment,Session1,English_Language,EN,H01,16 kHz/16 bits,1,M,26,MR,EN,disc_9\IITG_MV_Phase_I_Speaker_Recognition_Database_1.09\Office_Environment\Session1\English_Language\H01\1090_AH01OENC.wav,
123,1090,1090_AM01OENC,AM01OENC.wav,00:06:03,C,Office_Environment,Session1,English_Language,EN,M01,8 kHz/16 bits,1,M,26,MR,EN,disc_9\IITG_MV_Phase_I_Speaker_Recognition_Database_1.09\Office_Environment\Session1\English_Language\M01\1090_AM01OENC.wav,
124,1090,1090_AM02OENC,AM02OENC.wav,00:06:03,C,Office_Environment,Session1,English_Language,EN,M02,8 kHz/16 bits,1,M,26,MR,EN,disc_9\IITG_MV_Phase_I_Speaker_Recognition_Database_1.09\Office_Environment\Session1\English_Language\M02\1090_AM02OENC.wav,
125,1090,1090_AT01OENC,AT01OENC.wav,00:06:03,C,Office_Environment,Session1,English_Language,EN,T01,16 kHz/16 bits,1,M,26,MR,EN,disc_9\IITG_MV_Phase_I_Speaker_Recognition_Database_1.09\Office_Environment\Session1\English_Language\T01\1090_AT01OENC.wav,
126,1091,1091_AD01OENC,AD01OENC.wav,00:07:03,C,Office_Environment,Session1,English_Language,EN,D01,16 kHz/16 bits,1,M,26,HN,EN,disc_9\IITG_MV_Phase_I_Speaker_Recognition_Database_1.09\Office_Environment\Session1\English_Language\D01\1091_AD01OENC.wav,
127,1091,1091_AH01OENC,AH01OENC.wav,00:07:03,C,Office_Environment,Session1,English_Language,EN,H01,16 kHz/16 bits,1,M,26,HN,EN,disc_9\IITG_MV_Phase_I_Speaker_Recognition_Database_1.09\Office_Environment\Session1\English_Language\H01\1091_AH01OENC.wav,
128,1091,1091_AM01OENC,AM01OENC.wav,00:07:03,C,Office_Environment,Session1,English_Language,EN,M01,8 kHz/16 bits,1,M,26,HN,EN,disc_9\IITG_MV_Phase_I_Speaker_Recognition_Database_1.09\Office_Environment\Session1\English_Language\M01\1091_AM01OENC.wav,
129,1091,1091_AM02OENC,AM02OENC.wav,00:07:03,C,Office_Environment,Session1,English_Language,EN,M02,8 kHz/16 bits,1,M,26,HN,EN,disc_9\IITG_MV_Phase_I_Speaker_Recognition_Database_1.09\Office_Environment\Session1\English_Language\M02\1091_AM02OENC.wav,
130,1091,1091_AT01OENC,AT01OENC.wav,00:07:03,C,Office_Environment,Session1,English_Language,EN,T01,16 kHz/16 bits,1,M,26,HN,EN,disc_9\IITG_MV_Phase_I_Speaker_Recognition_Database_1.09\Office_Environment\Session1\English_Language\T01\1091_AT01OENC.wav,
131,1092,1092_AD01OENC,AD01OENC.wav,00:07:04,C,Office_Environment,Session1,English_Language,EN,D01,16 kHz/16 bits,1,M,28,TL,EN,disc_9\IITG_MV_Phase_I_Speaker_Recognition_Database_1.09\Office_Environment\Session1\English_Language\D01\1092_AD01OENC.wav,
132,1092,1092_AH01OENC,AH01OENC.wav,00:07:04,C,Office_Environment,Session1,English_Language,EN,H01,16 kHz/16 bits,1,M,28,TL,EN,disc_9\IITG_MV_Phase_I_Speaker_Recognition_Database_1.09\Office_Environment\Session1\English_Language\H01\1092_AH01OENC.wav,
133,1092,1092_AM01OENC,AM01OENC.wav,00:07:04,C,Office_Environment,Session1,English_Language,EN,M01,8 kHz/16 bits,1,M,28,TL,EN,disc_9\IITG_MV_Phase_I_Speaker_Recognition_Database_1.09\Office_Environment\Session1\English_Language\M01\1092_AM01OENC.wav,
134,1092,1092_AM02OENC,AM02OENC.wav,00:07:04,C,Office_Environment,Session1,English_Language,EN,M02,8 kHz/16 bits,1,M,28,TL,EN,disc_9\IITG_MV_Phase_I_Speaker_Recognition_Database_1.09\Office_Environment\Session1\English_Language\M02\1092_AM02OENC.wav,
135,1092,1092_AT01OENC,AT01OENC.wav,00:07:04,C,Office_Environment,Session1,English_Language,EN,T01,16 kHz/16 bits,1,M,28,TL,EN,disc_9\IITG_MV_Phase_I_Speaker_Recognition_Database_1.09\Office_Environment\Session1\English_Language\T01\1092_AT01OENC.wav,
136,1093,1093_AD01OENC,AD01OENC.wav,00:07:30,C,Office_Environment,Session1,English_Language,EN,D01,16 kHz/16 bits,1,M,24,HN,HN,disc_9\IITG_MV_Phase_I_Speaker_Recognition_Database_1.09\Office_Environment\Session1\English_Language\D01\1093_AD01OENC.wav,
137,1093,1093_AH01OENC,AH01OENC.wav,00:07:30,C,Office_Environment,Session1,English_Language,EN,H01,16 kHz/16 bits,1,M,24,HN,HN,disc_9\IITG_MV_Phase_I_Speaker_Recognition_Database_1.09\Office_Environment\Session1\English_Language\H01\1093_AH01OENC.wav,
138,1093,1093_AM01OENC,AM01OENC.wav,00:07:30,C,Office_Environment,Session1,English_Language,EN,M01,8 kHz/16 bits,1,M,24,HN,HN,disc_9\IITG_MV_Phase_I_Speaker_Recognition_Database_1.09\Office_Environment\Session1\English_Language\M01\1093_AM01OENC.wav,
139,1093,1093_AM02OENC,AM02OENC.wav,00:07:30,C,Office_Environment,Session1,English_Language,EN,M02,8 kHz/16 bits,1,M,24,HN,HN,disc_9\IITG_MV_Phase_I_Speaker_Recognition_Database_1.09\Office_Environment\Session1\English_Language\M02\1093_AM02OENC.wav,
140,1093,1093_AT01OENC,AT01OENC.wav,00:07:30,C,Office_Environment,Session1,English_Language,EN,T01,16 kHz/16 bits,1,M,24,HN,HN,disc_9\IITG_MV_Phase_I_Speaker_Recognition_Database_1.09\Office_Environment\Session1\English_Language\T01\1093_AT01OENC.wav,
141,1094,1094_AD01OENC,AD01OENC.wav,00:09:15,C,Office_Environment,Session1,English_Language,EN,D01,16 kHz/16 bits,1,M,30,KN,EN,disc_9\IITG_MV_Phase_I_Speaker_Recognition_Database_1.09\Office_Environment\Session1\English_Language\D01\1094_AD01OENC.wav,
142,1094,1094_AH01OENC,AH01OENC.wav,00:09:15,C,Office_Environment,Session1,English_Language,EN,H01,16 kHz/16 bits,1,M,30,KN,EN,disc_9\IITG_MV_Phase_I_Speaker_Recognition_Database_1.09\Office_Environment\Session1\English_Language\H01\1094_AH01OENC.wav,
143,1094,1094_AM01OENC,AM01OENC.wav,00:09:15,C,Office_Environment,Session1,English_Language,EN,M01,8 kHz/16 bits,1,M,30,KN,EN,disc_9\IITG_MV_Phase_I_Speaker_Recognition_Database_1.09\Office_Environment\Session1\English_Language\M01\1094_AM01OENC.wav,
144,1094,1094_AM02OENC,AM02OENC.wav,00:09:15,C,Office_Environment,Session1,English_Language,EN,M02,8 kHz/16 bits,1,M,30,KN,EN,disc_9\IITG_MV_Phase_I_Speaker_Recognition_Database_1.09\Office_Environment\Session1\English_Language\M02\1094_AM02OENC.wav,
145,1094,1094_AT01OENC,AT01OENC.wav,00:09:15,C,Office_Environment,Session1,English_Language,EN,T01,16 kHz/16 bits,1,M,30,KN,EN,disc_9\IITG_MV_Phase_I_Speaker_Recognition_Database_1.09\Office_Environment\Session1\English_Language\T01\1094_AT01OENC.wav,
146,1095,1095_AD01OENC,AD01OENC.wav,00:08:26,C,Office_Environment,Session1,English_Language,EN,D01,16 kHz/16 bits,1,M,25,OR,EN,disc_9\IITG_MV_Phase_I_Speaker_Recognition_Database_1.09\Office_Environment\Session1\English_Language\D01\1095_AD01OENC.wav,
147,1095,1095_AH01OENC,AH01OENC.wav,00:08:26,C,Office_Environment,Session1,English_Language,EN,H01,16 kHz/16 bits,1,M,25,OR,EN,disc_9\IITG_MV_Phase_I_Speaker_Recognition_Database_1.09\Office_Environment\Session1\English_Language\H01\1095_AH01OENC.wav,
148,1095,1095_AM01OENC,AM01OENC.wav,00:08:26,C,Office_Environment,Session1,English_Language,EN,M01,8 kHz/16 bits,1,M,25,OR,EN,disc_9\IITG_MV_Phase_I_Speaker_Recognition_Database_1.09\Office_Environment\Session1\English_Language\M01\1095_AM01OENC.wav,
149,1095,1095_AM02OENC,AM02OENC.wav,00:08:26,C,Office_Environment,Session1,English_Language,EN,M02,8 kHz/16 bits,1,M,25,OR,EN,disc_9\IITG_MV_Phase_I_Speaker_Recognition_Database_1.09\Office_Environment\Session1\English_Language\M02\1095_AM02OENC.wav,
150,1095,1095_AT01OENC,AT01OENC.wav,00:08:26,C,Office_Environment,Session1,English_Language,EN,T01,16 kHz/16 bits,1,M,25,OR,EN,disc_9\IITG_MV_Phase_I_Speaker_Recognition_Database_1.09\Office_Environment\Session1\English_Language\T01\1095_AT01OENC.wav,
151,1096,1096_AD01OENC,AD01OENC.wav,00:08:49,C,Office_Environment,Session1,English_Language,EN,D01,16 kHz/16 bits,1,M,29,AS,EN,disc_9\IITG_MV_Phase_I_Speaker_Recognition_Database_1.09\Office_Environment\Session1\English_Language\D01\1096_AD01OENC.wav,
152,1096,1096_AH01OENC,AH01OENC.wav,00:08:49,C,Office_Environment,Session1,English_Language,EN,H01,16 kHz/16 bits,1,M,29,AS,EN,disc_9\IITG_MV_Phase_I_Speaker_Recognition_Database_1.09\Office_Environment\Session1\English_Language\H01\1096_AH01OENC.wav,
153,1096,1096_AM01OENC,AM01OENC.wav,00:08:49,C,Office_Environment,Session1,English_Language,EN,M01,8 kHz/16 bits,1,M,29,AS,EN,disc_9\IITG_MV_Phase_I_Speaker_Recognition_Database_1.09\Office_Environment\Session1\English_Language\M01\1096_AM01OENC.wav,
154,1096,1096_AM02OENC,AM02OENC.wav,00:08:49,C,Office_Environment,Session1,English_Language,EN,M02,8 kHz/16 bits,1,M,29,AS,EN,disc_9\IITG_MV_Phase_I_Speaker_Recognition_Database_1.09\Office_Environment\Session1\English_Language\M02\1096_AM02OENC.wav,
155,1096,1096_AT01OENC,AT01OENC.wav,00:08:49,C,Office_Environment,Session1,English_Language,EN,T01,16 kHz/16 bits,1,M,29,AS,EN,disc_9\IITG_MV_Phase_I_Speaker_Recognition_Database_1.09\Office_Environment\Session1\English_Language\T01\1096_AT01OENC.wav,
156,1098,1098_AD01OENC,AD01OENC.wav,00:07:42,C,Office_Environment,Session1,English_Language,EN,D01,16 kHz/16 bits,1,M,28,TM,TM,disc_10\IITG_MV_Phase_I_Speaker_Recognition_Database_1.10\Office_Environment\Session1\English_Language\D01\1098_AD01OENC.wav,
157,1098,1098_AH01OENC,AH01OENC.wav,00:07:42,C,Office_Environment,Session1,English_Language,EN,H01,16 kHz/16 bits,1,M,28,TM,TM,disc_10\IITG_MV_Phase_I_Speaker_Recognition_Database_1.10\Office_Environment\Session1\English_Language\H01\1098_AH01OENC.wav,
158,1098,1098_AM01OENC,AM01OENC.wav,00:07:42,C,Office_Environment,Session1,English_Language,EN,M01,8 kHz/16 bits,1,M,28,TM,TM,disc_10\IITG_MV_Phase_I_Speaker_Recognition_Database_1.10\Office_Environment\Session1\English_Language\M01\1098_AM01OENC.wav,
159,1098,1098_AM02OENC,AM02OENC.wav,00:07:42,C,Office_Environment,Session1,English_Language,EN,M02,8 kHz/16 bits,1,M,28,TM,TM,disc_10\IITG_MV_Phase_I_Speaker_Recognition_Database_1.10\Office_Environment\Session1\English_Language\M02\1098_AM02OENC.wav,
160,1098,1098_AT01OENC,AT01OENC.wav,00:07:42,C,Office_Environment,Session1,English_Language,EN,T01,16 kHz/16 bits,1,M,28,TM,TM,disc_10\IITG_MV_Phase_I_Speaker_Recognition_Database_1.10\Office_Environment\Session1\English_Language\T01\1098_AT01OENC.wav,
161,1099,1099_AD01OENC,AD01OENC.wav,00:08:23,C,Office_Environment,Session1,English_Language,EN,D01,16 kHz/16 bits,1,M,30,TM,EN,disc_10\IITG_MV_Phase_I_Speaker_Recognition_Database_1.10\Office_Environment\Session1\English_Language\D01\1099_AD01OENC.wav,
162,1099,1099_AH01OENC,AH01OENC.wav,00:08:23,C,Office_Environment,Session1,English_Language,EN,H01,16 kHz/16 bits,1,M,30,TM,EN,disc_10\IITG_MV_Phase_I_Speaker_Recognition_Database_1.10\Office_Environment\Session1\English_Language\H01\1099_AH01OENC.wav,
163,1099,1099_AM01OENC,AM01OENC.wav,00:08:23,C,Office_Environment,Session1,English_Language,EN,M01,8 kHz/16 bits,1,M,30,TM,EN,disc_10\IITG_MV_Phase_I_Speaker_Recognition_Database_1.10\Office_Environment\Session1\English_Language\M01\1099_AM01OENC.wav,
164,1099,1099_AM02OENC,AM02OENC.wav,00:08:23,C,Office_Environment,Session1,English_Language,EN,M02,8 kHz/16 bits,1,M,30,TM,EN,disc_10\IITG_MV_Phase_I_Speaker_Recognition_Database_1.10\Office_Environment\Session1\English_Language\M02\1099_AM02OENC.wav,
165,1099,1099_AT01OENC,AT01OENC.wav,00:08:23,C,Office_Environment,Session1,English_Language,EN,T01,16 kHz/16 bits,1,M,30,TM,EN,disc_10\IITG_MV_Phase_I_Speaker_Recognition_Database_1.10\Office_Environment\Session1\English_Language\T01\1099_AT01OENC.wav,
166,1101,1101_AD01OENC,AD01OENC.wav,00:05:43,C,Office_Environment,Session1,English_Language,EN,D01,16 kHz/16 bits,1,M,29,HN,HN,disc_10\IITG_MV_Phase_I_Speaker_Recognition_Database_1.10\Office_Environment\Session1\English_Language\D01\1101_AD01OENC.wav,
167,1101,1101_AH01OENC,AH01OENC.wav,00:05:43,C,Office_Environment,Session1,English_Language,EN,H01,16 kHz/16 bits,1,M,29,HN,HN,disc_10\IITG_MV_Phase_I_Speaker_Recognition_Database_1.10\Office_Environment\Session1\English_Language\H01\1101_AH01OENC.wav,
168,1101,1101_AM01OENC,AM01OENC.wav,00:05:43,C,Office_Environment,Session1,English_Language,EN,M01,8 kHz/16 bits,1,M,29,HN,HN,disc_10\IITG_MV_Phase_I_Speaker_Recognition_Database_1.10\Office_Environment\Session1\English_Language\M01\1101_AM01OENC.wav,
169,1101,1101_AM02OENC,AM02OENC.wav,00:05:43,C,Office_Environment,Session1,English_Language,EN,M02,8 kHz/16 bits,1,M,29,HN,HN,disc_10\IITG_MV_Phase_I_Speaker_Recognition_Database_1.10\Office_Environment\Session1\English_Language\M02\1101_AM02OENC.wav,
170,1101,1101_AT01OENC,AT01OENC.wav,00:05:43,C,Office_Environment,Session1,English_Language,EN,T01,16 kHz/16 bits,1,M,29,HN,HN,disc_10\IITG_MV_Phase_I_Speaker_Recognition_Database_1.10\Office_Environment\Session1\English_Language\T01\1101_AT01OENC.wav,
171,1104,1104_AD01OENC,AD01OENC.wav,00:10:33,C,Office_Environment,Session1,English_Language,EN,D01,16 kHz/16 bits,1,M,27,TL,TL,disc_10\IITG_MV_Phase_I_Speaker_Recognition_Database_1.10\Office_Environment\Session1\English_Language\D01\1104_AD01OENC.wav,
172,1104,1104_AH01OENC,AH01OENC.wav,00:10:33,C,Office_Environment,Session1,English_Language,EN,H01,16 kHz/16 bits,1,M,27,TL,TL,disc_10\IITG_MV_Phase_I_Speaker_Recognition_Database_1.10\Office_Environment\Session1\English_Language\H01\1104_AH01OENC.wav,
173,1104,1104_AM01OENC,AM01OENC.wav,00:10:33,C,Office_Environment,Session1,English_Language,EN,M01,8 kHz/16 bits,1,M,27,TL,TL,disc_10\IITG_MV_Phase_I_Speaker_Recognition_Database_1.10\Office_Environment\Session1\English_Language\M01\1104_AM01OENC.wav,
174,1104,1104_AM02OENC,AM02OENC.wav,00:10:33,C,Office_Environment,Session1,English_Language,EN,M02,8 kHz/16 bits,1,M,27,TL,TL,disc_10\IITG_MV_Phase_I_Speaker_Recognition_Database_1.10\Office_Environment\Session1\English_Language\M02\1104_AM02OENC.wav,
175,1104,1104_AT01OENC,AT01OENC.wav,00:10:33,C,Office_Environment,Session1,English_Language,EN,T01,16 kHz/16 bits,1,M,27,TL,TL,disc_10\IITG_MV_Phase_I_Speaker_Recognition_Database_1.10\Office_Environment\Session1\English_Language\T01\1104_AT01OENC.wav,
176,1105,1105_AD01OENC,AD01OENC.wav,00:06:46,C,Office_Environment,Session1,English_Language,EN,D01,16 kHz/16 bits,1,M,23,TL,TL,disc_10\IITG_MV_Phase_I_Speaker_Recognition_Database_1.10\Office_Environment\Session1\English_Language\D01\1105_AD01OENC.wav,
177,1105,1105_AH01OENC,AH01OENC.wav,00:06:46,C,Office_Environment,Session1,English_Language,EN,H01,16 kHz/16 bits,1,M,23,TL,TL,disc_10\IITG_MV_Phase_I_Speaker_Recognition_Database_1.10\Office_Environment\Session1\English_Language\H01\1105_AH01OENC.wav,
178,1105,1105_AM01OENC,AM01OENC.wav,00:06:46,C,Office_Environment,Session1,English_Language,EN,M01,8 kHz/16 bits,1,M,23,TL,TL,disc_10\IITG_MV_Phase_I_Speaker_Recognition_Database_1.10\Office_Environment\Session1\English_Language\M01\1105_AM01OENC.wav,
179,1105,1105_AM02OENC,AM02OENC.wav,00:06:46,C,Office_Environment,Session1,English_Language,EN,M02,8 kHz/16 bits,1,M,23,TL,TL,disc_10\IITG_MV_Phase_I_Speaker_Recognition_Database_1.10\Office_Environment\Session1\English_Language\M02\1105_AM02OENC.wav,
180,1105,1105_AT01OENC,AT01OENC.wav,00:06:46,C,Office_Environment,Session1,English_Language,EN,T01,16 kHz/16 bits,1,M,23,TL,TL,disc_10\IITG_MV_Phase_I_Speaker_Recognition_Database_1.10\Office_Environment\Session1\English_Language\T01\1105_AT01OENC.wav,
181,1106,1106_AD01OENC,AD01OENC.wav,00:09:56,C,Office_Environment,Session1,English_Language,EN,D01,16 kHz/16 bits,1,M,29,AS,EN,disc_10\IITG_MV_Phase_I_Speaker_Recognition_Database_1.10\Office_Environment\Session1\English_Language\D01\1106_AD01OENC.wav,
182,1106,1106_AH01OENC,AH01OENC.wav,00:09:56,C,Office_Environment,Session1,English_Language,EN,H01,16 kHz/16 bits,1,M,29,AS,EN,disc_10\IITG_MV_Phase_I_Speaker_Recognition_Database_1.10\Office_Environment\Session1\English_Language\H01\1106_AH01OENC.wav,
183,1106,1106_AM01OENC,AM01OENC.wav,00:09:56,C,Office_Environment,Session1,English_Language,EN,M01,8 kHz/16 bits,1,M,29,AS,EN,disc_10\IITG_MV_Phase_I_Speaker_Recognition_Database_1.10\Office_Environment\Session1\English_Language\M01\1106_AM01OENC.wav,
184,1106,1106_AM02OENC,AM02OENC.wav,00:09:56,C,Office_Environment,Session1,English_Language,EN,M02,8 kHz/16 bits,1,M,29,AS,EN,disc_10\IITG_MV_Phase_I_Speaker_Recognition_Database_1.10\Office_Environment\Session1\English_Language\M02\1106_AM02OENC.wav,
185,1106,1106_AT01OENC,AT01OENC.wav,00:09:56,C,Office_Environment,Session1,English_Language,EN,T01,16 kHz/16 bits,1,M,29,AS,EN,disc_10\IITG_MV_Phase_I_Speaker_Recognition_Database_1.10\Office_Environment\Session1\English_Language\T01\1106_AT01OENC.wav,
186,1107,1107_AD01OENC,AD01OENC.wav,00:08:32,C,Office_Environment,Session1,English_Language,EN,D01,16 kHz/16 bits,1,M,22,HN,EN,disc_10\IITG_MV_Phase_I_Speaker_Recognition_Database_1.10\Office_Environment\Session1\English_Language\D01\1107_AD01OENC.wav,
187,1107,1107_AH01OENC,AH01OENC.wav,00:08:32,C,Office_Environment,Session1,English_Language,EN,H01,16 kHz/16 bits,1,M,22,HN,EN,disc_10\IITG_MV_Phase_I_Speaker_Recognition_Database_1.10\Office_Environment\Session1\English_Language\H01\1107_AH01OENC.wav,
188,1107,1107_AM01OENC,AM01OENC.wav,00:08:32,C,Office_Environment,Session1,English_Language,EN,M01,8 kHz/16 bits,1,M,22,HN,EN,disc_10\IITG_MV_Phase_I_Speaker_Recognition_Database_1.10\Office_Environment\Session1\English_Language\M01\1107_AM01OENC.wav,
189,1107,1107_AM02OENC,AM02OENC.wav,00:08:32,C,Office_Environment,Session1,English_Language,EN,M02,8 kHz/16 bits,1,M,22,HN,EN,disc_10\IITG_MV_Phase_I_Speaker_Recognition_Database_1.10\Office_Environment\Session1\English_Language\M02\1107_AM02OENC.wav,
190,1107,1107_AT01OENC,AT01OENC.wav,00:08:32,C,Office_Environment,Session1,English_Language,EN,T01,16 kHz/16 bits,1,M,22,HN,EN,disc_10\IITG_MV_Phase_I_Speaker_Recognition_Database_1.10\Office_Environment\Session1\English_Language\T01\1107_AT01OENC.wav,
191,1108,1108_AD01OENC,AD01OENC.wav,00:11:11,C,Office_Environment,Session1,English_Language,EN,D01,16 kHz/16 bits,1,M,32,OR,OR,disc_10\IITG_MV_Phase_I_Speaker_Recognition_Database_1.10\Office_Environment\Session1\English_Language\D01\1108_AD01OENC.wav,
192,1108,1108_AH01OENC,AH01OENC.wav,00:11:11,C,Office_Environment,Session1,English_Language,EN,H01,16 kHz/16 bits,1,M,32,OR,OR,disc_10\IITG_MV_Phase_I_Speaker_Recognition_Database_1.10\Office_Environment\Session1\English_Language\H01\1108_AH01OENC.wav,
193,1108,1108_AM01OENC,AM01OENC.wav,00:11:11,C,Office_Environment,Session1,English_Language,EN,M01,8 kHz/16 bits,1,M,32,OR,OR,disc_10\IITG_MV_Phase_I_Speaker_Recognition_Database_1.10\Office_Environment\Session1\English_Language\M01\1108_AM01OENC.wav,
194,1108,1108_AM02OENC,AM02OENC.wav,00:11:11,C,Office_Environment,Session1,English_Language,EN,M02,8 kHz/16 bits,1,M,32,OR,OR,disc_10\IITG_MV_Phase_I_Speaker_Recognition_Database_1.10\Office_Environment\Session1\English_Language\M02\1108_AM02OENC.wav,
195,1108,1108_AT01OENC,AT01OENC.wav,00:11:11,C,Office_Environment,Session1,English_Language,EN,T01,16 kHz/16 bits,1,M,32,OR,OR,disc_10\IITG_MV_Phase_I_Speaker_Recognition_Database_1.10\Office_Environment\Session1\English_Language\T01\1108_AT01OENC.wav,
196,1109,1109_AD01OENC,AD01OENC.wav,00:09:04,C,Office_Environment,Session1,English_Language,EN,D01,16 kHz/16 bits,1,M,26,HN,EN,disc_10\IITG_MV_Phase_I_Speaker_Recognition_Database_1.10\Office_Environment\Session1\English_Language\D01\1109_AD01OENC.wav,
197,1109,1109_AH01OENC,AH01OENC.wav,00:09:04,C,Office_Environment,Session1,English_Language,EN,H01,16 kHz/16 bits,1,M,26,HN,EN,disc_10\IITG_MV_Phase_I_Speaker_Recognition_Database_1.10\Office_Environment\Session1\English_Language\H01\1109_AH01OENC.wav,
198,1109,1109_AM01OENC,AM01OENC.wav,00:09:04,C,Office_Environment,Session1,English_Language,EN,M01,8 kHz/16 bits,1,M,26,HN,EN,disc_10\IITG_MV_Phase_I_Speaker_Recognition_Database_1.10\Office_Environment\Session1\English_Language\M01\1109_AM01OENC.wav,
199,1109,1109_AM02OENC,AM02OENC.wav,00:09:04,C,Office_Environment,Session1,English_Language,EN,M02,8 kHz/16 bits,1,M,26,HN,EN,disc_10\IITG_MV_Phase_I_Speaker_Recognition_Database_1.10\Office_Environment\Session1\English_Language\M02\1109_AM02OENC.wav,
200,1109,1109_AT01OENC,AT01OENC.wav,00:09:04,C,Office_Environment,Session1,English_Language,EN,T01,16 kHz/16 bits,1,M,26,HN,EN,disc_10\IITG_MV_Phase_I_Speaker_Recognition_Database_1.10\Office_Environment\Session1\English_Language\T01\1109_AT01OENC.wav,
1,2046,2046_AD01OENC,AD01OENC.wav,00:07:33,C,Office_Environment,Session1,English_Language,EN,D01,16 kHz/16 bits,1,F,23,HN,EN,disc_5\IITG_MV_Phase_I_Speaker_Recognition_Database_1.05\Office_Environment\Session1\English_Language\D01\2046_AD01OENC.wav,
2,2046,2046_AH01OENC,AH01OENC.wav,00:07:33,C,Office_Environment,Session1,English_Language,EN,H01,16 kHz/16 bits,1,F,23,HN,EN,disc_5\IITG_MV_Phase_I_Speaker_Recognition_Database_1.05\Office_Environment\Session1\English_Language\H01\2046_AH01OENC.wav,
3,2046,2046_AM01OENC,AM01OENC.wav,00:07:33,C,Office_Environment,Session1,English_Language,EN,M01,8 kHz/16 bits,1,F,23,HN,EN,disc_5\IITG_MV_Phase_I_Speaker_Recognition_Database_1.05\Office_Environment\Session1\English_Language\M01\2046_AM01OENC.wav,
4,2046,2046_AM02OENC,AM02OENC.wav,00:07:33,C,Office_Environment,Session1,English_Language,EN,M02,8 kHz/16 bits,1,F,23,HN,EN,disc_5\IITG_MV_Phase_I_Speaker_Recognition_Database_1.05\Office_Environment\Session1\English_Language\M02\2046_AM02OENC.wav,
5,2046,2046_AT01OENC,AT01OENC.wav,00:07:33,C,Office_Environment,Session1,English_Language,EN,T01,16 kHz/16 bits,1,F,23,HN,EN,disc_5\IITG_MV_Phase_I_Speaker_Recognition_Database_1.05\Office_Environment\Session1\English_Language\T01\2046_AT01OENC.wav,
6,2047,2047_AD01OENC,AD01OENC.wav,00:09:46,C,Office_Environment,Session1,English_Language,EN,D01,16 kHz/16 bits,1,F,26,HN,HN,disc_6\IITG_MV_Phase_I_Speaker_Recognition_Database_1.06\Office_Environment\Session1\English_Language\D01\2047_AD01OENC.wav,
7,2047,2047_AH01OENC,AH01OENC.wav,00:09:46,C,Office_Environment,Session1,English_Language,EN,H01,16 kHz/16 bits,1,F,26,HN,HN,disc_6\IITG_MV_Phase_I_Speaker_Recognition_Database_1.06\Office_Environment\Session1\English_Language\H01\2047_AH01OENC.wav,
8,2047,2047_AM01OENC,AM01OENC.wav,00:09:46,C,Office_Environment,Session1,English_Language,EN,M01,8 kHz/16 bits,1,F,26,HN,HN,disc_6\IITG_MV_Phase_I_Speaker_Recognition_Database_1.06\Office_Environment\Session1\English_Language\M01\2047_AM01OENC.wav,
9,2047,2047_AM02OENC,AM02OENC.wav,00:09:46,C,Office_Environment,Session1,English_Language,EN,M02,8 kHz/16 bits,1,F,26,HN,HN,disc_6\IITG_MV_Phase_I_Speaker_Recognition_Database_1.06\Office_Environment\Session1\English_Language\M02\2047_AM02OENC.wav,
10,2047,2047_AT01OENC,AT01OENC.wav,00:09:46,C,Office_Environment,Session1,English_Language,EN,T01,16 kHz/16 bits,1,F,26,HN,HN,disc_6\IITG_MV_Phase_I_Speaker_Recognition_Database_1.06\Office_Environment\Session1\English_Language\T01\2047_AT01OENC.wav,
11,2048,2048_AD01OENC,AD01OENC.wav,00:09:49,C,Office_Environment,Session1,English_Language,EN,D01,16 kHz/16 bits,1,F,25,AS,AS,disc_6\IITG_MV_Phase_I_Speaker_Recognition_Database_1.06\Office_Environment\Session1\English_Language\D01\2048_AD01OENC.wav,
12,2048,2048_AH01OENC,AH01OENC.wav,00:09:49,C,Office_Environment,Session1,English_Language,EN,H01,16 kHz/16 bits,1,F,25,AS,AS,disc_6\IITG_MV_Phase_I_Speaker_Recognition_Database_1.06\Office_Environment\Session1\English_Language\H01\2048_AH01OENC.wav,
13,2048,2048_AM01OENC,AM01OENC.wav,00:09:49,C,Office_Environment,Session1,English_Language,EN,M01,8 kHz/16 bits,1,F,25,AS,AS,disc_6\IITG_MV_Phase_I_Speaker_Recognition_Database_1.06\Office_Environment\Session1\English_Language\M01\2048_AM01OENC.wav,
14,2048,2048_AM02OENC,AM02OENC.wav,00:09:49,C,Office_Environment,Session1,English_Language,EN,M02,8 kHz/16 bits,1,F,25,AS,AS,disc_6\IITG_MV_Phase_I_Speaker_Recognition_Database_1.06\Office_Environment\Session1\English_Language\M02\2048_AM02OENC.wav,
15,2048,2048_AT01OENC,AT01OENC.wav,00:09:49,C,Office_Environment,Session1,English_Language,EN,T01,16 kHz/16 bits,1,F,25,AS,AS,disc_6\IITG_MV_Phase_I_Speaker_Recognition_Database_1.06\Office_Environment\Session1\English_Language\T01\2048_AT01OENC.wav,
16,2050,2050_AD01OENC,AD01OENC.wav,00:11:41,C,Office_Environment,Session1,English_Language,EN,D01,16 kHz/16 bits,1,F,22,TM,EN,disc_7\IITG_MV_Phase_I_Speaker_Recognition_Database_1.07\Office_Environment\Session1\English_Language\D01\2050_AD01OENC.wav,
17,2050,2050_AH01OENC,AH01OENC.wav,00:11:41,C,Office_Environment,Session1,English_Language,EN,H01,16 kHz/16 bits,1,F,22,TM,EN,disc_7\IITG_MV_Phase_I_Speaker_Recognition_Database_1.07\Office_Environment\Session1\English_Language\H01\2050_AH01OENC.wav,
18,2050,2050_AM01OENC,AM01OENC.wav,00:11:41,C,Office_Environment,Session1,English_Language,EN,M01,8 kHz/16 bits,1,F,22,TM,EN,disc_7\IITG_MV_Phase_I_Speaker_Recognition_Database_1.07\Office_Environment\Session1\English_Language\M01\2050_AM01OENC.wav,
19,2050,2050_AM02OENC,AM02OENC.wav,00:11:41,C,Office_Environment,Session1,English_Language,EN,M02,8 kHz/16 bits,1,F,22,TM,EN,disc_7\IITG_MV_Phase_I_Speaker_Recognition_Database_1.07\Office_Environment\Session1\English_Language\M02\2050_AM02OENC.wav,
20,2050,2050_AT01OENC,AT01OENC.wav,00:11:41,C,Office_Environment,Session1,English_Language,EN,T01,16 kHz/16 bits,1,F,22,TM,EN,disc_7\IITG_MV_Phase_I_Speaker_Recognition_Database_1.07\Office_Environment\Session1\English_Language\T01\2050_AT01OENC.wav,
21,2056,2056_AD01OENC,AD01OENC.wav,00:16:28,C,Office_Environment,Session1,English_Language,EN,D01,16 kHz/16 bits,1,F,39,AS,EN,disc_7\IITG_MV_Phase_I_Speaker_Recognition_Database_1.07\Office_Environment\Session1\English_Language\D01\2056_AD01OENC.wav,
22,2056,2056_AH01OENC,AH01OENC.wav,00:16:28,C,Office_Environment,Session1,English_Language,EN,H01,16 kHz/16 bits,1,F,39,AS,EN,disc_7\IITG_MV_Phase_I_Speaker_Recognition_Database_1.07\Office_Environment\Session1\English_Language\H01\2056_AH01OENC.wav,
23,2056,2056_AM01OENC,AM01OENC.wav,00:16:28,C,Office_Environment,Session1,English_Language,EN,M01,8 kHz/16 bits,1,F,39,AS,EN,disc_7\IITG_MV_Phase_I_Speaker_Recognition_Database_1.07\Office_Environment\Session1\English_Language\M01\2056_AM01OENC.wav,
24,2056,2056_AM02OENC,AM02OENC.wav,00:16:28,C,Office_Environment,Session1,English_Language,EN,M02,8 kHz/16 bits,1,F,39,AS,EN,disc_7\IITG_MV_Phase_I_Speaker_Recognition_Database_1.07\Office_Environment\Session1\English_Language\M02\2056_AM02OENC.wav,
25,2056,2056_AT01OENC,AT01OENC.wav,00:16:28,C,Office_Environment,Session1,English_Language,EN,T01,16 kHz/16 bits,1,F,39,AS,EN,disc_7\IITG_MV_Phase_I_Speaker_Recognition_Database_1.07\Office_Environment\Session1\English_Language\T01\2056_AT01OENC.wav,
26,2083,2083_AD01OENC,AD01OENC.wav,00:10:26,C,Office_Environment,Session1,English_Language,EN,D01,16 kHz/16 bits,1,F,27,TM,EN,disc_8\IITG_MV_Phase_I_Speaker_Recognition_Database_1.08\Office_Environment\Session1\English_Language\D01\2083_AD01OENC.wav,
27,2083,2083_AH01OENC,AH01OENC.wav,00:10:26,C,Office_Environment,Session1,English_Language,EN,H01,16 kHz/16 bits,1,F,27,TM,EN,disc_8\IITG_MV_Phase_I_Speaker_Recognition_Database_1.08\Office_Environment\Session1\English_Language\H01\2083_AH01OENC.wav,
28,2083,2083_AM01OENC,AM01OENC.wav,00:10:26,C,Office_Environment,Session1,English_Language,EN,M01,8 kHz/16 bits,1,F,27,TM,EN,disc_8\IITG_MV_Phase_I_Speaker_Recognition_Database_1.08\Office_Environment\Session1\English_Language\M01\2083_AM01OENC.wav,
29,2083,2083_AM02OENC,AM02OENC.wav,00:10:26,C,Office_Environment,Session1,English_Language,EN,M02,8 kHz/16 bits,1,F,27,TM,EN,disc_8\IITG_MV_Phase_I_Speaker_Recognition_Database_1.08\Office_Environment\Session1\English_Language\M02\2083_AM02OENC.wav,
30,2083,2083_AT01OENC,AT01OENC.wav,00:10:26,C,Office_Environment,Session1,English_Language,EN,T01,16 kHz/16 bits,1,F,27,TM,EN,disc_8\IITG_MV_Phase_I_Speaker_Recognition_Database_1.08\Office_Environment\Session1\English_Language\T01\2083_AT01OENC.wav,
31,2097,2097_AD01OENC,AD01OENC.wav,00:07:48,C,Office_Environment,Session1,English_Language,EN,D01,16 kHz/16 bits,1,F,26,NP,EN,disc_8\IITG_MV_Phase_I_Speaker_Recognition_Database_1.08\Office_Environment\Session1\English_Language\D01\2097_AD01OENC.wav,
32,2097,2097_AH01OENC,AH01OENC.wav,00:07:48,C,Office_Environment,Session1,English_Language,EN,H01,16 kHz/16 bits,1,F,26,NP,EN,disc_8\IITG_MV_Phase_I_Speaker_Recognition_Database_1.08\Office_Environment\Session1\English_Language\H01\2097_AH01OENC.wav,
33,2097,2097_AM01OENC,AM01OENC.wav,00:07:48,C,Office_Environment,Session1,English_Language,EN,M01,8 kHz/16 bits,1,F,26,NP,EN,disc_8\IITG_MV_Phase_I_Speaker_Recognition_Database_1.08\Office_Environment\Session1\English_Language\M01\2097_AM01OENC.wav,
34,2097,2097_AM02OENC,AM02OENC.wav,00:07:48,C,Office_Environment,Session1,English_Language,EN,M02,8 kHz/16 bits,1,F,26,NP,EN,disc_8\IITG_MV_Phase_I_Speaker_Recognition_Database_1.08\Office_Environment\Session1\English_Language\M02\2097_AM02OENC.wav,
35,2097,2097_AT01OENC,AT01OENC.wav,00:07:48,C,Office_Environment,Session1,English_Language,EN,T01,16 kHz/16 bits,1,F,26,NP,EN,disc_8\IITG_MV_Phase_I_Speaker_Recognition_Database_1.08\Office_Environment\Session1\English_Language\T01\2097_AT01OENC.wav,
36,2100,2100_AD01OENC,AD01OENC.wav,00:04:32,C,Office_Environment,Session1,English_Language,EN,D01,16 kHz/16 bits,1,F,29,AS,EN,disc_9\IITG_MV_Phase_I_Speaker_Recognition_Database_1.09\Office_Environment\Session1\English_Language\D01\2100_AD01OENC.wav,
37,2100,2100_AH01OENC,AH01OENC.wav,00:04:32,C,Office_Environment,Session1,English_Language,EN,H01,16 kHz/16 bits,1,F,29,AS,EN,disc_9\IITG_MV_Phase_I_Speaker_Recognition_Database_1.09\Office_Environment\Session1\English_Language\H01\2100_AH01OENC.wav,
38,2100,2100_AM01OENC,AM01OENC.wav,00:04:32,C,Office_Environment,Session1,English_Language,EN,M01,8 kHz/16 bits,1,F,29,AS,EN,disc_9\IITG_MV_Phase_I_Speaker_Recognition_Database_1.09\Office_Environment\Session1\English_Language\M01\2100_AM01OENC.wav,
39,2100,2100_AM02OENC,AM02OENC.wav,00:04:32,C,Office_Environment,Session1,English_Language,EN,M02,8 kHz/16 bits,1,F,29,AS,EN,disc_9\IITG_MV_Phase_I_Speaker_Recognition_Database_1.09\Office_Environment\Session1\English_Language\M02\2100_AM02OENC.wav,
40,2100,2100_AT01OENC,AT01OENC.wav,00:04:32,C,Office_Environment,Session1,English_Language,EN,T01,16 kHz/16 bits,1,F,29,AS,EN,disc_9\IITG_MV_Phase_I_Speaker_Recognition_Database_1.09\Office_Environment\Session1\English_Language\T01\2100_AT01OENC.wav,
41,2102,2102_AD01OENC,AD01OENC.wav,00:12:45,C,Office_Environment,Session1,English_Language,EN,D01,16 kHz/16 bits,1,F,28,AS,EN,disc_9\IITG_MV_Phase_I_Speaker_Recognition_Database_1.09\Office_Environment\Session1\English_Language\D01\2102_AD01OENC.wav,
42,2102,2102_AH01OENC,AH01OENC.wav,00:12:45,C,Office_Environment,Session1,English_Language,EN,H01,16 kHz/16 bits,1,F,28,AS,EN,disc_9\IITG_MV_Phase_I_Speaker_Recognition_Database_1.09\Office_Environment\Session1\English_Language\H01\2102_AH01OENC.wav,
43,2102,2102_AM01OENC,AM01OENC.wav,00:12:45,C,Office_Environment,Session1,English_Language,EN,M01,8 kHz/16 bits,1,F,28,AS,EN,disc_9\IITG_MV_Phase_I_Speaker_Recognition_Database_1.09\Office_Environment\Session1\English_Language\M01\2102_AM01OENC.wav,
44,2102,2102_AM02OENC,AM02OENC.wav,00:12:45,C,Office_Environment,Session1,English_Language,EN,M02,8 kHz/16 bits,1,F,28,AS,EN,disc_9\IITG_MV_Phase_I_Speaker_Recognition_Database_1.09\Office_Environment\Session1\English_Language\M02\2102_AM02OENC.wav,
45,2102,2102_AT01OENC,AT01OENC.wav,00:12:45,C,Office_Environment,Session1,English_Language,EN,T01,16 kHz/16 bits,1,F,28,AS,EN,disc_9\IITG_MV_Phase_I_Speaker_Recognition_Database_1.09\Office_Environment\Session1\English_Language\T01\2102_AT01OENC.wav,
46,2103,2103_AD01OENC,AD01OENC.wav,00:06:54,C,Office_Environment,Session1,English_Language,EN,D01,16 kHz/16 bits,1,F,24,HN,EN,disc_10\IITG_MV_Phase_I_Speaker_Recognition_Database_1.10\Office_Environment\Session1\English_Language\D01\2103_AD01OENC.wav,
47,2103,2103_AH01OENC,AH01OENC.wav,00:06:54,C,Office_Environment,Session1,English_Language,EN,H01,16 kHz/16 bits,1,F,24,HN,EN,disc_10\IITG_MV_Phase_I_Speaker_Recognition_Database_1.10\Office_Environment\Session1\English_Language\H01\2103_AH01OENC.wav,
48,2103,2103_AM01OENC,AM01OENC.wav,00:06:54,C,Office_Environment,Session1,English_Language,EN,M01,8 kHz/16 bits,1,F,24,HN,EN,disc_10\IITG_MV_Phase_I_Speaker_Recognition_Database_1.10\Office_Environment\Session1\English_Language\M01\2103_AM01OENC.wav,
49,2103,2103_AM02OENC,AM02OENC.wav,00:06:54,C,Office_Environment,Session1,English_Language,EN,M02,8 kHz/16 bits,1,F,24,HN,EN,disc_10\IITG_MV_Phase_I_Speaker_Recognition_Database_1.10\Office_Environment\Session1\English_Language\M02\2103_AM02OENC.wav,
50,2103,2103_AT01OENC,AT01OENC.wav,00:06:54,C,Office_Environment,Session1,English_Language,EN,T01,16 kHz/16 bits,1,F,24,HN,EN,disc_10\IITG_MV_Phase_I_Speaker_Recognition_Database_1.10\Office_Environment\Session1\English_Language\T01\2103_AT01OENC.wav,
