Sl.No,speaker_id,utterance_id,File Name,Duration,Type(C/R),Environment,SessionNO,Recorded_Language,language,sensor,Sampling freq,Phase_No,gender,Speaker_Age,Language spoken frequently at home, Language of instruction during schooling*,wav_path,
1,1043,1043_AH01OENC,AH01OENC.wav,00:03:43,C,Office_Environment,Session1,English_Language,EN,H01,16 kHz/16 bits,1,M,24,HN,HN,disc_4\IITG_MV_Phase_I_Speaker_Recognition_Database_1.04\Office_Environment\Session1\English_Language\H01\1043_AH01OENC.wav,
2,1066,1066_AH01OENC,AH01OENC.wav,00:15:03,C,Office_Environment,Session1,English_Language,EN,H01,16 kHz/16 bits,1,M,24,HN,HN,disc_6\IITG_MV_Phase_I_Speaker_Recognition_Database_1.06\Office_Environment\Session1\English_Language\H01\1066_AH01OENC.wav,
3,1067,1067_AH01OENC,AH01OENC.wav,00:15:31,C,Office_Environment,Session1,English_Language,EN,H01,16 kHz/16 bits,1,M,23,OR,OR,disc_6\IITG_MV_Phase_I_Speaker_Recognition_Database_1.06\Office_Environment\Session1\English_Language\H01\1067_AH01OENC.wav,
4,1068,1068_AH01OENC,AH01OENC.wav,00:14:03,C,Office_Environment,Session1,English_Language,EN,H01,16 kHz/16 bits,1,M,26,OR,OR,disc_6\IITG_MV_Phase_I_Speaker_Recognition_Database_1.06\Office_Environment\Session1\English_Language\H01\1068_AH01OENC.wav,
5,1069,1069_AH01OENC,AH01OENC.wav,00:12:42,C,Office_Environment,Session1,English_Language,EN,H01,16 kHz/16 bits,1,M,31,OR,OR,disc_6\IITG_MV_Phase_I_Speaker_Recognition_Database_1.06\Office_Environment\Session1\English_Language\H01\1069_AH01OENC.wav,
6,1070,1070_AH01OENC,AH01OENC.wav,00:12:47,C,Office_Environment,Session1,English_Language,EN,H01,16 kHz/16 bits,1,M,32,OR,OR,disc_6\IITG_MV_Phase_I_Speaker_Recognition_Database_1.06\Office_Environment\Session1\English_Language\H01\1070_AH01OENC.wav,
7,1071,1071_AH01OENC,AH01OENC.wav,00:15:04,C,Office_Environment,Session1,English_Language,EN,H01,16 kHz/16 bits,1,M,28,ML,ML,disc_6\IITG_MV_Phase_I_Speaker_Recognition_Database_1.06\Office_Environment\Session1\English_Language\H01\1071_AH01OENC.wav,
8,1072,1072_AH01OENC,AH01OENC.wav,00:10:38,C,Office_Environment,Session1,English_Language,EN,H01,16 kHz/16 bits,1,M,33,GJ,GJ,disc_7\IITG_MV_Phase_I_Speaker_Recognition_Database_1.07\Office_Environment\Session1\English_Language\H01\1072_AH01OENC.wav,
9,1073,1073_AH01OENC,AH01OENC.wav,00:13:34,C,Office_Environment,Session1,English_Language,EN,H01,16 kHz/16 bits,1,M,30,HN,EN,disc_7\IITG_MV_Phase_I_Speaker_Recognition_Database_1.07\Office_Environment\Session1\English_Language\H01\1073_AH01OENC.wav,
10,1074,1074_AH01OENC,AH01OENC.wav,00:11:09,C,Office_Environment,Session1,English_Language,EN,H01,16 kHz/16 bits,1,M,34,OR,OR,disc_7\IITG_MV_Phase_I_Speaker_Recognition_Database_1.07\Office_Environment\Session1\English_Language\H01\1074_AH01OENC.wav,
11,1075,1075_AH01OENC,AH01OENC.wav,00:12:07,C,Office_Environment,Session1,English_Language,EN,H01,16 kHz/16 bits,1,M,25,HN,HN,disc_7\IITG_MV_Phase_I_Speaker_Recognition_Database_1.07\Office_Environment\Session1\English_Language\H01\1075_AH01OENC.wav,
12,1076,1076_AH01OENC,AH01OENC.wav,00:10:59,C,Office_Environment,Session1,English_Language,EN,H01,16 kHz/16 bits,1,M,28,ML,ML,disc_7\IITG_MV_Phase_I_Speaker_Recognition_Database_1.07\Office_Environment\Session1\English_Language\H01\1076_AH01OENC.wav,
13,1077,1077_AH01OENC,AH01OENC.wav,00:12:53,C,Office_Environment,Session1,English_Language,EN,H01,16 kHz/16 bits,1,M,31,OR,OR,disc_7\IITG_MV_Phase_I_Speaker_Recognition_Database_1.07\Office_Environment\Session1\English_Language\H01\1077_AH01OENC.wav,
14,1078,1078_AH01OENC,AH01OENC.wav,00:12:59,C,Office_Environment,Session1,English_Language,EN,H01,16 kHz/16 bits,1,M,38,KN,KN,disc_7\IITG_MV_Phase_I_Speaker_Recognition_Database_1.07\Office_Environment\Session1\English_Language\H01\1078_AH01OENC.wav,
15,1079,1079_AH01OENC,AH01OENC.wav,00:11:54,C,Office_Environment,Session1,English_Language,EN,H01,16 kHz/16 bits,1,M,31,OR,OR,disc_7\IITG_MV_Phase_I_Speaker_Recognition_Database_1.07\Office_Environment\Session1\English_Language\H01\1079_AH01OENC.wav,
16,1080,1080_AH01OENC,AH01OENC.wav,00:11:00,C,Office_Environment,Session1,English_Language,EN,H01,16 kHz/16 bits,1,M,32,TM,EN,disc_8\IITG_MV_Phase_I_Speaker_Recognition_Database_1.08\Office_Environment\Session1\English_Language\H01\1080_AH01OENC.wav,
17,1081,1081_AH01OENC,AH01OENC.wav,00:11:32,C,Office_Environment,Session1,English_Language,EN,H01,16 kHz/16 bits,1,M,28,HN,EN,disc_8\IITG_MV_Phase_I_Speaker_Recognition_Database_1.08\Office_Environment\Session1\English_Language\H01\1081_AH01OENC.wav,
18,1082,1082_AH01OENC,AH01OENC.wav,00:11:49,C,Office_Environment,Session1,English_Language,EN,H01,16 kHz/16 bits,1,M,37,AS,AS,disc_8\IITG_MV_Phase_I_Speaker_Recognition_Database_1.08\Office_Environment\Session1\English_Language\H01\1082_AH01OENC.wav,
19,1084,1084_AH01OENC,AH01OENC.wav,00:10:03,C,Office_Environment,Session1,English_Language,EN,H01,16 kHz/16 bits,1,M,32,OR,OR,disc_8\IITG_MV_Phase_I_Speaker_Recognition_Database_1.08\Office_Environment\Session1\English_Language\H01\1084_AH01OENC.wav,
20,1085,1085_AH01OENC,AH01OENC.wav,00:10:15,C,Office_Environment,Session1,English_Language,EN,H01,16 kHz/16 bits,1,M,24,BN,BN,disc_8\IITG_MV_Phase_I_Speaker_Recognition_Database_1.08\Office_Environment\Session1\English_Language\H01\1085_AH01OENC.wav,
21,1086,1086_AH01OENC,AH01OENC.wav,00:10:40,C,Office_Environment,Session1,English_Language,EN,H01,16 kHz/16 bits,1,M,23,HN,HN,disc_8\IITG_MV_Phase_I_Speaker_Recognition_Database_1.08\Office_Environment\Session1\English_Language\H01\1086_AH01OENC.wav,
22,1087,1087_AH01OENC,AH01OENC.wav,00:07:53,C,Office_Environment,Session1,English_Language,EN,H01,16 kHz/16 bits,1,M,20,HN,EN,disc_8\IITG_MV_Phase_I_Speaker_Recognition_Database_1.08\Office_Environment\Session1\English_Language\H01\1087_AH01OENC.wav,
23,1088,1088_AH01OENC,AH01OENC.wav,00:07:57,C,Office_Environment,Session1,English_Language,EN,H01,16 kHz/16 bits,1,M,25,HN,HN,disc_8\IITG_MV_Phase_I_Speaker_Recognition_Database_1.08\Office_Environment\Session1\English_Language\H01\1088_AH01OENC.wav,
24,1089,1089_AH01OENC,AH01OENC.wav,00:03:17,C,Office_Environment,Session1,English_Language,EN,H01,16 kHz/16 bits,1,M,20,HN,HN,disc_9\IITG_MV_Phase_I_Speaker_Recognition_Database_1.09\Office_Environment\Session1\English_Language\H01\1089_AH01OENC.wav,
25,1090,1090_AH01OENC,AH01OENC.wav,00:06:03,C,Office_Environment,Session1,English_Language,EN,H01,16 kHz/16 bits,1,M,26,MR,EN,disc_9\IITG_MV_Phase_I_Speaker_Recognition_Database_1.09\Office_Environment\Session1\English_Language\H01\1090_AH01OENC.wav,
26,1091,1091_AH01OENC,AH01OENC.wav,00:07:03,C,Office_Environment,Session1,English_Language,EN,H01,16 kHz/16 bits,1,M,26,HN,EN,disc_9\IITG_MV_Phase_I_Speaker_Recognition_Database_1.09\Office_Environment\Session1\English_Language\H01\1091_AH01OENC.wav,
27,1092,1092_AH01OENC,AH01OENC.wav,00:07:04,C,Office_Environment,Session1,English_Language,EN,H01,16 kHz/16 bits,1,M,28,TL,EN,disc_9\IITG_MV_Phase_I_Speaker_Recognition_Database_1.09\Office_Environment\Session1\English_Language\H01\1092_AH01OENC.wav,
28,1093,1093_AH01OENC,AH01OENC.wav,00:07:30,C,Office_Environment,Session1,English_Language,EN,H01,16 kHz/16 bits,1,M,24,HN,HN,disc_9\IITG_MV_Phase_I_Speaker_Recognition_Database_1.09\Office_Environment\Session1\English_Language\H01\1093_AH01OENC.wav,
29,1094,1094_AH01OENC,AH01OENC.wav,00:09:15,C,Office_Environment,Session1,English_Language,EN,H01,16 kHz/16 bits,1,M,30,KN,EN,disc_9\IITG_MV_Phase_I_Speaker_Recognition_Database_1.09\Office_Environment\Session1\English_Language\H01\1094_AH01OENC.wav,
30,1095,1095_AH01OENC,AH01OENC.wav,00:08:26,C,Office_Environment,Session1,English_Language,EN,H01,16 kHz/16 bits,1,M,25,OR,EN,disc_9\IITG_MV_Phase_I_Speaker_Recognition_Database_1.09\Office_Environment\Session1\English_Language\H01\1095_AH01OENC.wav,
31,1096,1096_AH01OENC,AH01OENC.wav,00:08:49,C,Office_Environment,Session1,English_Language,EN,H01,16 kHz/16 bits,1,M,29,AS,EN,disc_9\IITG_MV_Phase_I_Speaker_Recognition_Database_1.09\Office_Environment\Session1\English_Language\H01\1096_AH01OENC.wav,
32,1098,1098_AH01OENC,AH01OENC.wav,00:07:42,C,Office_Environment,Session1,English_Language,EN,H01,16 kHz/16 bits,1,M,28,TM,TM,disc_10\IITG_MV_Phase_I_Speaker_Recognition_Database_1.10\Office_Environment\Session1\English_Language\H01\1098_AH01OENC.wav,
33,1099,1099_AH01OENC,AH01OENC.wav,00:08:23,C,Office_Environment,Session1,English_Language,EN,H01,16 kHz/16 bits,1,M,30,TM,EN,disc_10\IITG_MV_Phase_I_Speaker_Recognition_Database_1.10\Office_Environment\Session1\English_Language\H01\1099_AH01OENC.wav,
34,1101,1101_AH01OENC,AH01OENC.wav,00:05:43,C,Office_Environment,Session1,English_Language,EN,H01,16 kHz/16 bits,1,M,29,HN,HN,disc_10\IITG_MV_Phase_I_Speaker_Recognition_Database_1.10\Office_Environment\Session1\English_Language\H01\1101_AH01OENC.wav,
35,1104,1104_AH01OENC,AH01OENC.wav,00:10:33,C,Office_Environment,Session1,English_Language,EN,H01,16 kHz/16 bits,1,M,27,TL,TL,disc_10\IITG_MV_Phase_I_Speaker_Recognition_Database_1.10\Office_Environment\Session1\English_Language\H01\1104_AH01OENC.wav,
36,1105,1105_AH01OENC,AH01OENC.wav,00:06:46,C,Office_Environment,Session1,English_Language,EN,H01,16 kHz/16 bits,1,M,23,TL,TL,disc_10\IITG_MV_Phase_I_Speaker_Recognition_Database_1.10\Office_Environment\Session1\English_Language\H01\1105_AH01OENC.wav,
37,1106,1106_AH01OENC,AH01OENC.wav,00:09:56,C,Office_Environment,Session1,English_Language,EN,H01,16 kHz/16 bits,1,M,29,AS,EN,disc_10\IITG_MV_Phase_I_Speaker_Recognition_Database_1.10\Office_Environment\Session1\English_Language\H01\1106_AH01OENC.wav,
38,1107,1107_AH01OENC,AH01OENC.wav,00:08:32,C,Office_Environment,Session1,English_Language,EN,H01,16 kHz/16 bits,1,M,22,HN,EN,disc_10\IITG_MV_Phase_I_Speaker_Recognition_Database_1.10\Office_Environment\Session1\English_Language\H01\1107_AH01OENC.wav,
39,1108,1108_AH01OENC,AH01OENC.wav,00:11:11,C,Office_Environment,Session1,English_Language,EN,H01,16 kHz/16 bits,1,M,32,OR,OR,disc_10\IITG_MV_Phase_I_Speaker_Recognition_Database_1.10\Office_Environment\Session1\English_Language\H01\1108_AH01OENC.wav,
40,1109,1109_AH01OENC,AH01OENC.wav,00:09:04,C,Office_Environment,Session1,English_Language,EN,H01,16 kHz/16 bits,1,M,26,HN,EN,disc_10\IITG_MV_Phase_I_Speaker_Recognition_Database_1.10\Office_Environment\Session1\English_Language\H01\1109_AH01OENC.wav,
1,2046,2046_AH01OENC,AH01OENC.wav,00:07:33,C,Office_Environment,Session1,English_Language,EN,H01,16 kHz/16 bits,1,F,23,HN,EN,disc_5\IITG_MV_Phase_I_Speaker_Recognition_Database_1.05\Office_Environment\Session1\English_Language\H01\2046_AH01OENC.wav,
2,2047,2047_AH01OENC,AH01OENC.wav,00:09:46,C,Office_Environment,Session1,English_Language,EN,H01,16 kHz/16 bits,1,F,26,HN,HN,disc_6\IITG_MV_Phase_I_Speaker_Recognition_Database_1.06\Office_Environment\Session1\English_Language\H01\2047_AH01OENC.wav,
3,2048,2048_AH01OENC,AH01OENC.wav,00:09:49,C,Office_Environment,Session1,English_Language,EN,H01,16 kHz/16 bits,1,F,25,AS,AS,disc_6\IITG_MV_Phase_I_Speaker_Recognition_Database_1.06\Office_Environment\Session1\English_Language\H01\2048_AH01OENC.wav,
4,2050,2050_AH01OENC,AH01OENC.wav,00:11:41,C,Office_Environment,Session1,English_Language,EN,H01,16 kHz/16 bits,1,F,22,TM,EN,disc_7\IITG_MV_Phase_I_Speaker_Recognition_Database_1.07\Office_Environment\Session1\English_Language\H01\2050_AH01OENC.wav,
5,2056,2056_AH01OENC,AH01OENC.wav,00:16:28,C,Office_Environment,Session1,English_Language,EN,H01,16 kHz/16 bits,1,F,39,AS,EN,disc_7\IITG_MV_Phase_I_Speaker_Recognition_Database_1.07\Office_Environment\Session1\English_Language\H01\2056_AH01OENC.wav,
6,2083,2083_AH01OENC,AH01OENC.wav,00:10:26,C,Office_Environment,Session1,English_Language,EN,H01,16 kHz/16 bits,1,F,27,TM,EN,disc_8\IITG_MV_Phase_I_Speaker_Recognition_Database_1.08\Office_Environment\Session1\English_Language\H01\2083_AH01OENC.wav,
7,2097,2097_AH01OENC,AH01OENC.wav,00:07:48,C,Office_Environment,Session1,English_Language,EN,H01,16 kHz/16 bits,1,F,26,NP,EN,disc_8\IITG_MV_Phase_I_Speaker_Recognition_Database_1.08\Office_Environment\Session1\English_Language\H01\2097_AH01OENC.wav,
8,2100,2100_AH01OENC,AH01OENC.wav,00:04:32,C,Office_Environment,Session1,English_Language,EN,H01,16 kHz/16 bits,1,F,29,AS,EN,disc_9\IITG_MV_Phase_I_Speaker_Recognition_Database_1.09\Office_Environment\Session1\English_Language\H01\2100_AH01OENC.wav,
9,2102,2102_AH01OENC,AH01OENC.wav,00:12:45,C,Office_Environment,Session1,English_Language,EN,H01,16 kHz/16 bits,1,F,28,AS,EN,disc_9\IITG_MV_Phase_I_Speaker_Recognition_Database_1.09\Office_Environment\Session1\English_Language\H01\2102_AH01OENC.wav,
10,2103,2103_AH01OENC,AH01OENC.wav,00:06:54,C,Office_Environment,Session1,English_Language,EN,H01,16 kHz/16 bits,1,F,24,HN,EN,disc_10\IITG_MV_Phase_I_Speaker_Recognition_Database_1.10\Office_Environment\Session1\English_Language\H01\2103_AH01OENC.wav,
